tier,herb_canonical_latin,mechanism,obs,expected,row_total,col_total,N_tier,OR_raw,OR_ha,log2_OR_ha,p,q,classification
species,Hypericum perforatum,CYP_induction,39,9.563829787234043,58,124,752,14.706501547987616,14.440095966411755,3.852008425049169,8.614243105743067e-20,4.4104924701404504e-17,strong_enrichment
species,Andrographis paniculata,CYP_inhibition,13,4.691489361702128,18,196,752,7.828415300546448,7.377012633143424,2.883036706274341,4.39667061912804e-05,0.010867023637514047,strong_enrichment
species,Curcuma longa,antagonistic_efficacy,3,0.12367021276595745,31,3,752,inf,177.21052631578948,7.46932049238406,6.367396662605887e-05,0.010867023637514047,weak_sig
species,Piper nigrum,CYP_inhibition,9,2.867021276595745,11,196,752,13.331550802139038,11.237866666666667,3.4902962833346898,0.0001591326654469889,0.020368981177214578,strong_enrichment
species,Glycyrrhiza uralensis,UGT_inhibition,9,2.507978723404255,46,41,752,5.1233108108108105,5.257641025641026,2.394415642867518,0.00043339313916397734,0.0436432042351455,strong_enrichment
species,Bufo_bufo_gargarizans,receptor_synergism,6,1.2765957446808511,10,96,752,10.866666666666667,10.414364640883978,3.3805029210728215,0.0005114437996306113,0.0436432042351455,strong_enrichment
species,Reynoutria multiflora,organ_toxicity_modulation,4,0.5013297872340425,13,29,752,12.693333333333333,13.272445820433436,3.7303623471230476,0.001006684023868852,0.07363174574583604,ns
species,Phyllanthus amarus,CYP_inhibition,8,2.867021276595745,11,196,752,7.843971631205674,7.1311102690413035,2.8341267127056233,0.001474591897438509,0.09437388143606458,ns
species,Epimedium brevicornum,receptor_synergism,7,2.0425531914893615,16,96,752,5.6541822721598,5.711555424875037,2.513883687474593,0.0019303781014852709,0.09944437162990542,ns
species,Salvia miltiorrhiza,P-gp_inhibition,10,3.6875,59,47,752,3.6183121897407613,3.7135353535353537,1.8927933130961567,0.0021365001717362493,0.09944437162990542,ns
species,Salvia miltiorrhiza,transporter_modulation,10,3.6875,59,47,752,3.6183121897407613,3.7135353535353537,1.8927933130961567,0.0021365001717362493,0.09944437162990542,ns
species,Salvia miltiorrhiza,CYP_inhibition,6,15.377659574468085,59,196,752,0.2997020854021847,0.3211175705840508,-1.6388264877465921,0.0029792762611510104,0.12711578714244312,ns
species,Tripterygium wilfordii,P-gp_inhibition,5,1.1875,19,47,752,5.875850340136054,6.171602434077079,2.6256451285225175,0.004614250813381547,0.18173049357318094,ns
species,Schisandra chinensis,CYP_inhibition,21,12.25,47,196,752,2.4461538461538463,2.452453905284094,1.294226020749103,0.005283392820044567,0.19322122313305842,ns
species,Panax notoginseng,absorption_alteration,5,1.25,20,47,752,5.476190476190476,5.765085388994307,2.527341976370771,0.005865697710186346,0.2002158151743606,ns
species,Coptis chinensis,absorption_alteration,8,3.0,48,47,752,3.41025641025641,3.5360212533208313,1.8221269461005034,0.0070645617926753555,0.21283660599606685,ns
species,Rheum officinale,P-gp_induction,2,0.13962765957446807,21,5,752,25.54385964912281,26.684981684981686,4.737956116032023,0.007066840433463157,0.21283660599606685,ns
species,Glycyrrhiza uralensis,UGT_induction,2,0.18351063829787234,46,3,752,32.04545454545455,26.423220973782772,4.7237344357970725,0.010565912117177096,0.30054150022192627,ns
species,Ginkgo biloba,additive_toxicity,3,0.49867021276595747,25,15,752,8.125,8.904,3.1544535926798725,0.0113551870496959,0.3059924089181211,ns
species,Allium sativum,additive_toxicity,2,0.19946808510638298,10,15,752,14.01923076923077,15.893246187363834,3.990341919391445,0.01524968068725305,0.3686843175095333,ns
species,Magnolia officinalis,synergistic_efficacy,5,1.5638297872340425,21,56,752,4.166666666666667,4.4045307443365695,2.1389883235996203,0.01547826726211952,0.3686843175095333,ns
species,Ginkgo biloba,transporter_modulation,5,1.5625,25,47,752,4.0773809523809526,4.327403156384505,2.1135015336607377,0.015841904267987757,0.3686843175095333,ns
species,Hypericum perforatum,synergistic_efficacy,0,4.319148936170213,58,56,752,0.0,0.09658876030557446,-3.3720008722958683,0.01664658585642148,0.37056747645599125,ns
species,Astragalus membranaceus,synergistic_efficacy,7,2.904255319148936,39,56,752,2.9642857142857144,3.097902097902098,1.6312915517766289,0.020365184110487808,0.3982695534124026,ns
species,Glycyrrhiza uralensis,receptor_synergism,1,5.872340425531915,46,96,752,0.14292397660818715,0.21109257234911685,-2.2440522789859023,0.021252270723521892,0.3982695534124026,ns
species,Schisandra chinensis,receptor_synergism,1,6.0,47,96,752,0.13958810068649885,0.2062151663570343,-2.2777776534352205,0.021546537110688435,0.3982695534124026,ns
species,Camellia sinensis,CYP_induction,0,3.9574468085106385,24,124,752,0.0,0.09909023850504058,-3.3351132469341653,0.022079716983867577,0.3982695534124026,ns
species,Stephania tetrandra,receptor_antagonism,2,0.24202127659574468,13,14,752,11.015151515151516,12.652173913043478,3.661313386851271,0.02234464835708921,0.3982695534124026,ns
species,Angelica sinensis,CYP_induction,5,1.8138297872340425,11,124,752,4.355742296918767,4.407788863855809,2.1400551194708997,0.022558236423749368,0.3982695534124026,ns
species,Panax ginseng,UGT_inhibition,6,2.3444148936170213,43,41,752,3.1227799227799227,3.2933333333333334,1.7195485410887967,0.024271014241272322,0.41267005049982497,ns
species,Tripterygium wilfordii,receptor_synergism,6,2.425531914893617,19,96,752,3.2974358974358973,3.423572744014733,1.77550266711512,0.02505374658670968,0.41267005049982497,ns
species,Paeonia lactiflora,receptor_antagonism,2,0.26063829787234044,14,14,752,10.083333333333334,11.624,3.539034702970754,0.02579187815623906,0.41267005049982497,ns
species,Paeonia lactiflora,CYP_inhibition,0,3.648936170212766,14,196,752,0.0,0.09520049135737475,-3.392887170054337,0.026601866572002662,0.41273199045046555,ns
species,Ginkgo biloba,protein_binding_displacement,1,0.03324468085106383,25,1,752,inf,89.08163265306122,6.477056094401594,0.03324468085106383,0.49263495783709715,ns
species,Panax ginseng,synergistic_efficacy,7,3.202127659574468,43,56,752,2.619047619047619,2.741801577418016,1.4551241678957194,0.03367621782089531,0.49263495783709715,ns
species,Tripterygium wilfordii,CYP_inhibition,1,4.952127659574468,19,196,752,0.15327635327635328,0.22333586783714662,-2.1627131276709384,0.03467119081854081,0.4931013805303582,ns
species,Tetradium ruticarpum,UGT_induction,1,0.0398936170212766,10,3,752,41.111111111111114,46.76842105263158,5.547462817679056,0.039417230926141036,0.5454492495725463,ns
species,Hypericum perforatum,P-gp_inhibition,0,3.625,58,47,752,0.0,0.11650922177237967,-3.101483945340436,0.04234853647522381,0.5705908072451208,ns
species,Astragalus membranaceus,CYP_induction,2,6.430851063829787,39,124,752,0.2618520159503766,0.3219047619047619,-1.6352941762713007,0.0472498283322592,0.6203054386183772,ns
species,Paeonia lactiflora,transporter_modulation,3,0.875,14,47,752,4.301652892561983,4.749877870053737,2.247890419015586,0.051211478337380795,0.6555069227184742,ns
species,Tripterygium wilfordii,CYP_induction,0,3.132978723404255,19,124,752,0.0,0.12552775203377614,-2.993921740310117,0.05609247281432869,0.6725223288370752,ns
species,multi_source_quercetin,CYP_induction,0,3.132978723404255,19,124,752,0.0,0.12552775203377614,-2.993921740310117,0.05609247281432869,0.6725223288370752,ns
species,Camellia sinensis,transporter_modulation,4,1.5,24,47,752,3.186046511627907,3.4592094196804037,1.7904423567547263,0.05648136746092623,0.6725223288370752,ns
species,Glycyrrhiza uralensis,absorption_alteration,6,2.875,46,47,752,2.432926829268293,2.573702216272497,1.3638451398214344,0.05942358434425697,0.6851231033482685,ns
species,Rheum officinale,CYP_induction,7,3.4627659574468086,21,124,752,2.623931623931624,2.7050623624358034,1.4356618542886084,0.06466330254390575,0.6851231033482685,ns
species,Allium sativum,P-gp_induction,1,0.06648936170212766,10,5,752,20.5,25.912280701754387,4.695564096600048,0.06491266115419606,0.6851231033482685,ns
species,Coptis chinensis,P-gp_inhibition,0,3.0,48,47,752,0.0,0.14270211611502984,-2.808921366338411,0.06494195391761536,0.6851231033482685,ns
species,Hypericum perforatum,UGT_inhibition,0,3.1622340425531914,58,41,752,0.0,0.134589640613737,-2.893360725134896,0.06541810957740424,0.6851231033482685,ns
species,Stephania tetrandra,synergistic_efficacy,3,0.9680851063829787,13,56,752,3.883018867924528,4.277258566978193,2.0966864230247975,0.06556842200012726,0.6851231033482685,ns
species,Scutellaria baicalensis,UGT_inhibition,4,1.5811170212765957,29,41,752,2.9664864864864864,3.2305882352941175,1.6917968791220366,0.06696770062075103,0.6857492543564905,ns
species,Scutellaria baicalensis,CYP_induction,1,4.781914893617022,29,124,752,0.17421602787456447,0.25591306200724484,-1.966274309322629,0.06954493564668998,0.693531880806834,ns
species,Allium sativum,CYP_inhibition,0,2.606382978723404,10,196,752,0.0,0.1324366896885981,-2.916625239365462,0.07119204592211127,0.693531880806834,ns
species,Stephania tetrandra,receptor_synergism,4,1.6595744680851063,13,96,752,3.1256038647342996,3.3157894736842106,1.7293524100563311,0.07179138609914493,0.693531880806834,ns
species,Sophora flavescens,synergistic_efficacy,3,1.0425531914893618,14,56,752,3.5248713550600344,3.8996342950020315,1.96333883537867,0.07915372704359018,0.7276372587052904,ns
species,Tripterygium wilfordii,UGT_inhibition,3,1.0359042553191489,19,41,752,3.429276315789474,3.831955922865014,1.9380809665464884,0.0793137451663747,0.7276372587052904,ns
species,Camellia sinensis,additive_toxicity,2,0.4787234042553192,24,15,752,5.0,5.888888888888889,2.557995453120887,0.07958532517089113,0.7276372587052904,ns
species,Sophora flavescens,signaling_pathway_modulation,2,0.5212765957446809,14,28,752,4.564102564102564,5.377358490566038,2.4268976544889047,0.09230813112936517,0.8011797411956777,ns
species,Glycyrrhiza uralensis,organ_toxicity_modulation,4,1.773936170212766,46,29,752,2.5942857142857143,2.829757785467128,1.5006785701383245,0.0943722991220361,0.8011797411956777,ns
species,Rheum officinale,receptor_synergism,0,2.6808510638297873,21,96,752,0.0,0.15315098204602964,-2.7069734769652194,0.09498055573897632,0.8011797411956777,ns
species,Pueraria lobata,P-gp_inhibition,3,1.125,18,47,752,3.1363636363636362,3.503805726712577,1.8089227849623821,0.09637592959904606,0.8011797411956777,ns
species,Hypericum perforatum,receptor_synergism,3,7.404255319148936,58,96,752,0.35249266862170087,0.4056944645179939,-1.3015344770040622,0.09790935934173732,0.8011797411956777,ns
species,Schisandra chinensis,organ_toxicity_modulation,4,1.8125,47,29,752,2.530232558139535,2.760649087221095,1.465007515126083,0.10042686308793408,0.8011797411956777,ns
species,Scutellaria baicalensis,P-gp_inhibition,4,1.8125,29,47,752,2.530232558139535,2.760649087221095,1.465007515126083,0.10042686308793408,0.8011797411956777,ns
species,Rheum officinale,UGT_inhibition,3,1.1449468085106382,21,41,752,3.039473684210526,3.407862407862408,1.7688670880573558,0.10097973832727695,0.8011797411956777,ns
species,Coptis chinensis,UGT_inhibition,0,2.617021276595745,48,41,752,0.0,0.16482424543534965,-2.600999618163859,0.10171227183148251,0.8011797411956777,ns
species,Schisandra chinensis,transporter_modulation,0,2.9375,47,47,752,0.0,0.14592797783933517,-2.7766715864053815,0.10850213992729137,0.8417135703450481,ns
species,Coptis chinensis,transporter_modulation,6,3.0,48,47,752,2.3101045296167246,2.4452161587526575,1.289962006026659,0.11140555695704092,0.8513379874926112,ns
species,multi_source_quercetin,CYP_inhibition,8,4.952127659574468,19,196,752,2.1083172147001936,2.1389689770499367,1.0969155582482695,0.11598952272108214,0.8733328769587361,ns
species,Ligusticum chuanxiong,CYP_induction,4,1.9787234042553192,12,124,752,2.5833333333333335,2.7261410788381744,1.446860224092368,0.1197518545584107,0.8885934715058881,ns
species,Tetradium ruticarpum,receptor_synergism,3,1.2765957446808511,10,96,752,2.9907834101382487,3.241711229946524,1.69675558200933,0.12414856598927411,0.9007366346930908,ns
species,Tetradium ruticarpum,transporter_modulation,2,0.625,10,47,752,3.8722222222222222,4.508726567550097,2.1727200201548764,0.12490683801408095,0.9007366346930908,ns
species,Magnolia officinalis,P-gp_inhibition,3,1.3125,21,47,752,2.602272727272727,2.9228666869116307,1.547384028761641,0.13794233875263676,0.9809232977965281,ns
species,Pueraria lobata,signaling_pathway_modulation,2,0.6702127659574468,18,28,752,3.4038461538461537,4.050886220697541,2.018237563883728,0.14172687256364172,0.9940295719532132,ns
species,Panax ginseng,receptor_synergism,2,5.48936170212766,43,96,752,0.3191489361702128,0.3923631032064767,-1.3497387141961776,0.15311382634880866,1.0,ns
species,multi_source_quercetin,signaling_pathway_modulation,2,0.7074468085106383,19,28,752,3.1990950226244346,3.8140161725067387,1.9313109610984414,0.15486639595858182,1.0,ns
species,Coptis chinensis,CYP_induction,4,7.914893617021277,48,124,752,0.44242424242424244,0.49051237819944987,-1.0276385512223907,0.15724007659190709,1.0,ns
species,Salvia miltiorrhiza,receptor_synergism,11,7.531914893617022,59,96,752,1.6392156862745098,1.687526376077651,0.7549100516977156,0.1573652374039374,1.0,ns
species,Hypericum perforatum,organ_toxicity_modulation,0,2.2367021276595747,58,29,752,0.0,0.19281471823844706,-2.374712913033354,0.15784838823164238,1.0,ns
species,Ginkgo biloba,CYP_inhibition,3,6.51595744680851,25,196,752,0.377296278850683,0.42968705139247776,-1.2186417926959903,0.16138385455485033,1.0,ns
species,Ginkgo biloba,CYP_induction,7,4.122340425531915,25,124,752,2.027540360873694,2.106382978723404,1.074767768401972,0.16337446806350525,1.0,ns
species,Tripterygium wilfordii,organ_toxicity_modulation,2,0.7327127659574468,19,29,752,3.076252723311547,3.67012987012987,1.8758311147516757,0.16389561724793267,1.0,ns
species,multi_source_quercetin,organ_toxicity_modulation,2,0.7327127659574468,19,29,752,3.076252723311547,3.67012987012987,1.8758311147516757,0.16389561724793267,1.0,ns
species,Allium sativum,synergistic_efficacy,2,0.7446808510638298,10,56,752,3.185185185185185,3.7155963302752295,1.8935937729950607,0.16686728668830325,1.0,ns
species,Marsdenia tenacissima,synergistic_efficacy,2,0.7446808510638298,10,56,752,3.185185185185185,3.7155963302752295,1.8935937729950607,0.16686728668830325,1.0,ns
species,Bufo_bufo_gargarizans,receptor_antagonism,1,0.18617021276595744,10,14,752,6.230769230769231,8.532163742690058,3.092911653031993,0.17227137169384138,1.0,ns
species,Astragalus membranaceus,signaling_pathway_modulation,3,1.452127659574468,39,28,752,2.2933333333333334,2.589041095890411,1.3724178653410555,0.17261416398290313,1.0,ns
species,Angelica sinensis,receptor_antagonism,1,0.2047872340425532,11,14,752,5.6,7.708994708994709,2.94654273784344,0.18788889298263683,1.0,ns
species,Panax ginseng,receptor_antagonism,2,0.800531914893617,43,14,752,2.8333333333333335,3.36144578313253,1.7490818804822628,0.188224820011338,1.0,ns
species,Aconitum carmichaelii,receptor_synergism,3,1.5319148936170213,12,96,752,2.3189964157706093,2.5513650436251054,1.3512693313002981,0.1890415949892264,1.0,ns
species,Angelica sinensis,additive_toxicity,1,0.21941489361702127,11,15,752,5.192857142857143,7.167487684729064,2.84146752061047,0.19999353007910167,1.0,ns
species,Stephania tetrandra,CYP_inhibition,1,3.3882978723404253,13,196,752,0.23247863247863249,0.3342199488491049,-1.5811302476440139,0.20149506476249934,1.0,ns
species,Schisandra chinensis,P-gp_inhibition,5,2.9375,47,47,752,1.879251700680272,2.0203460207612456,1.014602401732087,0.20599273559037184,1.0,ns
species,Epimedium brevicornum,UGT_inhibition,2,0.8723404255319149,16,41,752,2.553113553113553,3.04452204277608,1.6062157582992371,0.21523094874140983,1.0,ns
species,Paeonia lactiflora,P-gp_inhibition,2,0.875,14,47,752,2.566666666666667,3.048351648351648,1.608029337237544,0.2160687336469185,1.0,ns
species,Paeonia lactiflora,absorption_alteration,2,0.875,14,47,752,2.566666666666667,3.048351648351648,1.608029337237544,0.2160687336469185,1.0,ns
species,Hypericum perforatum,CYP_inhibition,11,15.117021276595745,58,196,752,0.6439332949971248,0.6649737551425734,-0.5886306927289244,0.21706197109892247,1.0,ns
species,Panax ginseng,organ_toxicity_modulation,3,1.6582446808510638,43,29,752,1.9701923076923078,2.228977405078034,1.1563819922158403,0.22687801541181243,1.0,ns
species,Magnolia officinalis,CYP_induction,1,3.4627659574468086,21,124,752,0.24715447154471545,0.36052137849313715,-1.471843282767877,0.22908458473482085,1.0,ns
species,Reynoutria multiflora,additive_toxicity,1,0.25930851063829785,13,15,752,4.315476190476191,6.0041379310344825,2.5859571198856037,0.2320760742552707,1.0,ns
species,Ginkgo biloba,receptor_synergism,1,3.1914893617021276,25,96,752,0.2771929824561403,0.4054920397478363,-1.3022545018481282,0.23524316105393106,1.0,ns
species,Camellia sinensis,CYP_inhibition,9,6.25531914893617,24,196,752,1.7358288770053476,1.7700645161290323,0.8238019452817942,0.2355027716558055,1.0,ns
species,Salvia miltiorrhiza,UGT_inhibition,1,3.216755319148936,59,41,752,0.2814655172413793,0.41373852484963597,-1.2732087959514398,0.2428171465279012,1.0,ns
species,Glycyrrhiza uralensis,synergistic_efficacy,1,3.425531914893617,46,56,752,0.263030303030303,0.38699138699138697,-1.3696266372595116,0.24369828054060247,1.0,ns
species,Reynoutria multiflora,CYP_induction,4,2.143617021276596,13,124,752,2.2925925925925927,2.4352478707141296,1.2840686239093668,0.24592444172155742,1.0,ns
species,Ginkgo biloba,synergistic_efficacy,0,1.8617021276595744,25,56,752,0.0,0.23303834808259588,-2.101360714959241,0.24765813802539466,1.0,ns
species,Ginkgo biloba,organ_toxicity_modulation,2,0.964095744680851,25,29,752,2.254428341384863,2.7098646034816247,1.4382207701158833,0.25021470146724056,1.0,ns
species,Hypericum perforatum,absorption_alteration,1,3.625,58,47,752,0.2471395881006865,0.3638148667601683,-1.4587235970795511,0.2504539681055258,1.0,ns
species,Curcuma longa,absorption_alteration,0,1.9375,31,47,752,0.0,0.2253968253968254,-2.1494608988825967,0.2511025067060436,1.0,ns
species,Curcuma longa,transporter_modulation,0,1.9375,31,47,752,0.0,0.2253968253968254,-2.1494608988825967,0.2511025067060436,1.0,ns
species,Andrographis paniculata,UGT_inhibition,2,0.9813829787234043,18,41,752,2.2275641025641026,2.6678174146528577,1.415659931894045,0.2567462917120589,1.0,ns
species,Curcuma longa,receptor_synergism,6,3.9574468085106385,31,96,752,1.6826666666666668,1.7786805329866753,0.8308074128739434,0.2686627024365542,1.0,ns
species,Curcuma longa,synergistic_efficacy,4,2.3085106382978724,31,56,752,1.9059829059829059,2.0867532467532466,1.0612600155758405,0.2795749233943157,1.0,ns
species,Coptis chinensis,P-gp_induction,1,0.3191489361702128,48,5,752,3.723404255319149,4.91578947368421,2.297423131378714,0.2815795308180673,1.0,ns
species,Pueraria lobata,receptor_antagonism,1,0.3351063829787234,18,14,752,3.262443438914027,4.580952380952381,2.1956475661039194,0.28978401154513195,1.0,ns
species,Marsdenia tenacissima,CYP_inhibition,4,2.606382978723404,10,196,752,1.9097222222222223,1.9798201798201798,0.9853694012833254,0.2962033122735233,1.0,ns
species,Astragalus membranaceus,absorption_alteration,4,2.4375,39,47,752,1.7807308970099667,1.953861097620204,0.966327907993376,0.29688396824075786,1.0,ns
species,Pueraria lobata,additive_toxicity,1,0.35904255319148937,18,15,752,3.0252100840336134,4.2591133004926105,2.090553108823365,0.30710635272695797,1.0,ns
species,Panax notoginseng,CYP_inhibition,3,5.212765957446808,20,196,752,0.4928375495275831,0.5576227390180879,-0.8426387015437556,0.3116981053689983,1.0,ns
species,Allium sativum,signaling_pathway_modulation,1,0.3723404255319149,10,28,752,2.94238683127572,4.108133971291866,2.038483230479579,0.3173572711365766,1.0,ns
species,Marsdenia tenacissima,signaling_pathway_modulation,1,0.3723404255319149,10,28,752,2.94238683127572,4.108133971291866,2.038483230479579,0.3173572711365766,1.0,ns
species,multi_source_quercetin,additive_toxicity,1,0.37898936170212766,19,15,752,2.8531746031746033,4.023299161230196,2.0083790167049322,0.32126630464670675,1.0,ns
species,Tetradium ruticarpum,organ_toxicity_modulation,1,0.38563829787234044,10,29,752,2.8333333333333335,3.958448753462604,1.9849351742086456,0.3267860381098282,1.0,ns
species,Magnolia officinalis,receptor_synergism,4,2.6808510638297873,21,96,752,1.6342710997442456,1.7777606177606178,0.8300610728626708,0.32933725326648566,1.0,ns
species,Hypericum perforatum,P-gp_induction,1,0.38563829787234044,58,5,752,3.026315789473684,4.0028985507246375,2.0010450525925196,0.3313120747008153,1.0,ns
species,Andrographis paniculata,CYP_induction,1,2.9680851063829787,18,124,752,0.29220468675274985,0.42440717177559284,-1.2364790592811012,0.3346629156806429,1.0,ns
species,multi_source_quercetin,P-gp_inhibition,2,1.1875,19,47,752,1.7986928104575164,2.161695447409733,1.1121632818786638,0.3355579119392761,1.0,ns
species,multi_source_quercetin,transporter_modulation,2,1.1875,19,47,752,1.7986928104575164,2.161695447409733,1.1121632818786638,0.3355579119392761,1.0,ns
species,Glycyrrhiza uralensis,P-gp_inhibition,1,2.875,46,47,752,0.3188405797101449,0.46827366182204894,-1.0945761993387437,0.35162556872945455,1.0,ns
species,Panax notoginseng,P-gp_inhibition,2,1.25,20,47,752,1.6962962962962962,2.0418770418770418,1.0298959923591005,0.35912496954315665,1.0,ns
species,Salvia miltiorrhiza,CYP_induction,7,9.72872340425532,59,124,752,0.6627218934911243,0.7009118541033434,-0.512695070970832,0.36645768778717924,1.0,ns
species,Camellia sinensis,receptor_antagonism,1,0.44680851063829785,24,14,752,2.391304347826087,3.382978723404255,1.758294103606718,0.3675362848939643,1.0,ns
species,Marsdenia tenacissima,receptor_synergism,2,1.2765957446808511,10,96,752,1.7234042553191489,2.0183629007158417,1.0131855936676495,0.37174828695644846,1.0,ns
species,Coptis chinensis,receptor_synergism,8,6.127659574468085,48,96,752,1.4,1.4620213433772755,0.5479643726855563,0.3747029559020951,1.0,ns
species,Piper nigrum,receptor_synergism,0,1.4042553191489362,11,96,752,0.0,0.290831268303672,-1.7817457080179027,0.3757325735714728,1.0,ns
species,Aconitum carmichaelii,organ_toxicity_modulation,1,0.4627659574468085,12,29,752,2.311688311688312,3.260869565217391,1.7052567344388678,0.3784150015144591,1.0,ns
species,Marsdenia tenacissima,CYP_induction,0,1.648936170212766,10,124,752,0.0,0.23656530885446547,-2.0796895698704714,0.38189674942134627,1.0,ns
species,Bufo_bufo_gargarizans,CYP_induction,0,1.648936170212766,10,124,752,0.0,0.23656530885446547,-2.0796895698704714,0.38189674942134627,1.0,ns
species,Magnolia officinalis,absorption_alteration,2,1.3125,21,47,752,1.6046783625730994,1.9343477035784729,0.9518471459735184,0.3824073517316324,1.0,ns
species,Rheum officinale,transporter_modulation,2,1.3125,21,47,752,1.6046783625730994,1.9343477035784729,0.9518471459735184,0.3824073517316324,1.0,ns
species,Scutellaria baicalensis,CYP_inhibition,5,7.558510638297872,29,196,752,0.5802792321116929,0.6242340278147812,-0.6798410922896676,0.387599336337478,1.0,ns
species,multi_source_quercetin,synergistic_efficacy,0,1.4148936170212767,19,56,752,0.0,0.30746539596097117,-1.7015040450362022,0.3878430937585682,1.0,ns
species,Andrographis paniculata,synergistic_efficacy,0,1.3404255319148937,18,56,752,0.0,0.324563501554652,-1.6234273226252833,0.3881381124415276,1.0,ns
species,Reynoutria multiflora,receptor_synergism,0,1.6595744680851063,13,96,752,0.0,0.2469775474956822,-2.017548201210847,0.39103597988162053,1.0,ns
species,Camellia sinensis,P-gp_inhibition,0,1.5,24,47,752,0.0,0.29280343716433943,-1.7719956056409465,0.3917859171408603,1.0,ns
species,Stephania tetrandra,signaling_pathway_modulation,1,0.48404255319148937,13,28,752,2.197530864197531,3.109090909090909,1.636492801361238,0.39185467715738964,1.0,ns
species,Rheum officinale,synergistic_efficacy,0,1.5638297872340425,21,56,752,0.0,0.27804074912533444,-1.8466317577916012,0.3932785831228834,1.0,ns
species,Ginkgo biloba,P-gp_inhibition,0,1.5625,25,47,752,0.0,0.28090815273477815,-1.8318295987984485,0.39481646619562305,1.0,ns
species,Coptis chinensis,CYP_inhibition,15,12.51063829787234,48,196,752,1.313410346559518,1.3345257185148638,0.4163271088641606,0.39823566052651105,1.0,ns
species,Scutellaria baicalensis,receptor_synergism,5,3.702127659574468,29,96,752,1.4468864468864469,1.5518010482881677,0.633943605819719,0.40247404434604483,1.0,ns
species,Curcuma longa,UGT_inhibition,0,1.690159574468085,31,41,752,0.0,0.260279212086441,-1.9418680033428466,0.40519294590938937,1.0,ns
species,Curcuma longa,CYP_inhibition,10,8.079787234042554,31,196,752,1.3696876600102406,1.4022694681713324,0.48776361257168044,0.40902112149933934,1.0,ns
species,Glycyrrhiza uralensis,CYP_induction,5,7.585106382978723,46,124,752,0.6015576962492314,0.6515602157584313,-0.6180295792380139,0.4108399255403077,1.0,ns
species,Camellia sinensis,synergistic_efficacy,3,1.7872340425531914,24,56,752,1.8194070080862534,2.05542273418822,1.039435140280044,0.4137032376796049,1.0,ns
species,Paeonia lactiflora,signaling_pathway_modulation,1,0.5212765957446809,14,28,752,2.0256410256410255,2.874747474747475,1.5234352315595105,0.41489671915954557,1.0,ns
species,Scutellaria baicalensis,transporter_modulation,3,1.8125,29,47,752,1.7805944055944056,2.016747933008268,1.0120307772953985,0.41786467093193713,1.0,ns
species,Scutellaria baicalensis,receptor_antagonism,1,0.5398936170212766,29,14,752,1.9505494505494505,2.769980506822612,1.4698758236357263,0.42621087099900185,1.0,ns
species,Aconitum carmichaelii,CYP_induction,3,1.9787234042553192,12,124,752,1.7052341597796143,1.8784925276153346,0.9095753771488392,0.4288877709502543,1.0,ns
species,Pueraria lobata,CYP_inhibition,3,4.691489361702128,18,196,752,0.5606217616580311,0.6319079769942486,-0.6622136168653541,0.4296418522105311,1.0,ns
species,Curcuma longa,P-gp_inhibition,3,1.9375,31,47,752,1.6485389610389611,1.8697023457520205,0.9028086131676987,0.434607862605131,1.0,ns
species,Epimedium brevicornum,signaling_pathway_modulation,1,0.5957446808510638,16,28,752,1.7506172839506173,2.496774193548387,1.3200653508701727,0.45848153809247133,1.0,ns
species,Tetradium ruticarpum,CYP_inhibition,1,2.606382978723404,10,196,752,0.31168091168091167,0.4421860277291695,-1.1772746555412459,0.4674353808443329,1.0,ns
species,Scutellaria baicalensis,synergistic_efficacy,3,2.1595744680851063,29,56,752,1.4586357039187228,1.6552636219361665,0.7270610029977319,0.46982626965464275,1.0,ns
species,Curcuma longa,additive_toxicity,1,0.6183510638297872,31,15,752,1.6833333333333333,2.3996608253250424,1.2628305057499425,0.4714094850900164,1.0,ns
species,Salvia miltiorrhiza,signaling_pathway_modulation,3,2.1968085106382977,59,28,752,1.4314285714285715,1.6239805656775985,0.6995343677642737,0.47623428923735045,1.0,ns
species,Allium sativum,absorption_alteration,1,0.625,10,47,752,1.681159420289855,2.365025466893039,1.2418557187707921,0.47764593418336226,1.0,ns
species,Allium sativum,transporter_modulation,1,0.625,10,47,752,1.681159420289855,2.365025466893039,1.2418557187707921,0.47764593418336226,1.0,ns
species,Marsdenia tenacissima,transporter_modulation,1,0.625,10,47,752,1.681159420289855,2.365025466893039,1.2418557187707921,0.47764593418336226,1.0,ns
species,Bufo_bufo_gargarizans,P-gp_inhibition,1,0.625,10,47,752,1.681159420289855,2.365025466893039,1.2418557187707921,0.47764593418336226,1.0,ns
species,Tetradium ruticarpum,absorption_alteration,1,0.625,10,47,752,1.681159420289855,2.365025466893039,1.2418557187707921,0.47764593418336226,1.0,ns
species,Epimedium brevicornum,CYP_induction,1,2.6382978723404253,16,124,752,0.3322493224932249,0.4807365809063602,-1.0566815075874918,0.492480407501395,1.0,ns
species,multi_source_quercetin,receptor_synergism,1,2.425531914893617,19,96,752,0.3730994152046784,0.5420970708928824,-0.8833768832408185,0.49419116541070335,1.0,ns
species,Astragalus membranaceus,transporter_modulation,1,2.4375,39,47,752,0.3815789473684211,0.5592794302471722,-0.8383588245068603,0.5040597836894593,1.0,ns
species,Panax ginseng,P-gp_inhibition,1,2.6875,43,47,752,0.34316770186335405,0.5036053130929792,-0.9896345911543835,0.5104099402240876,1.0,ns
species,Panax ginseng,absorption_alteration,1,2.6875,43,47,752,0.34316770186335405,0.5036053130929792,-0.9896345911543835,0.5104099402240876,1.0,ns
species,Panax ginseng,transporter_modulation,1,2.6875,43,47,752,0.34316770186335405,0.5036053130929792,-0.9896345911543835,0.5104099402240876,1.0,ns
species,Piper nigrum,P-gp_inhibition,1,0.6875,11,47,752,1.5108695652173914,2.1367127496159752,1.0953929713766035,0.5107330515598875,1.0,ns
species,Angelica sinensis,absorption_alteration,1,0.6875,11,47,752,1.5108695652173914,2.1367127496159752,1.0953929713766035,0.5107330515598875,1.0,ns
species,Pueraria lobata,organ_toxicity_modulation,1,0.6941489361702128,18,29,752,1.4831932773109244,2.124812030075188,1.0873352199453874,0.51138485912419,1.0,ns
species,Reynoutria multiflora,UGT_inhibition,1,0.7087765957446809,13,41,752,1.45625,2.0725925925925925,1.05143655522656,0.5204374472709447,1.0,ns
species,Astragalus membranaceus,receptor_antagonism,1,0.726063829787234,39,14,752,1.417004048582996,2.0216450216450217,1.0155296982936044,0.528704630685976,1.0,ns
species,Panax notoginseng,signaling_pathway_modulation,1,0.7446808510638298,20,28,752,1.3742690058479532,1.9734265734265735,0.9807028409315124,0.5364521521316395,1.0,ns
species,Ligusticum chuanxiong,absorption_alteration,1,0.75,12,47,752,1.3715415019762847,1.9481065918653577,0.9620726175375045,0.5417661778442131,1.0,ns
species,Ligusticum chuanxiong,transporter_modulation,1,0.75,12,47,752,1.3715415019762847,1.9481065918653577,0.9620726175375045,0.5417661778442131,1.0,ns
species,Aconitum carmichaelii,P-gp_inhibition,1,0.75,12,47,752,1.3715415019762847,1.9481065918653577,0.9620726175375045,0.5417661778442131,1.0,ns
species,Aconitum carmichaelii,absorption_alteration,1,0.75,12,47,752,1.3715415019762847,1.9481065918653577,0.9620726175375045,0.5417661778442131,1.0,ns
species,Astragalus membranaceus,additive_toxicity,1,0.7779255319148937,39,15,752,1.3139097744360901,1.8795342588446036,0.910375212063436,0.5536104835359041,1.0,ns
species,Rheum officinale,signaling_pathway_modulation,1,0.7819148936170213,21,28,752,1.3037037037037038,1.8745011086474501,0.9065066788880495,0.5541834905746916,1.0,ns
species,Schisandra chinensis,synergistic_efficacy,2,3.5,47,56,752,0.5358024691358024,0.6568202439762073,-0.6064295015201258,0.5683556806728085,1.0,ns
species,Coptis chinensis,synergistic_efficacy,2,3.574468085106383,48,56,752,0.5233494363929146,0.6417085922856861,-0.6400097942798,0.569312842795065,1.0,ns
species,Hypericum perforatum,transporter_modulation,2,3.625,58,47,752,0.515079365079365,0.6316250121559857,-0.6628597922786404,0.570255496096623,1.0,ns
species,Stephania tetrandra,P-gp_inhibition,1,0.8125,13,47,752,1.2554347826086956,1.7896774193548388,0.8396995721620029,0.5708702179000541,1.0,ns
species,Phyllanthus amarus,synergistic_efficacy,1,0.8191489361702128,11,56,752,1.2472727272727273,1.7670527670527671,0.8213451217393907,0.5756495358186191,1.0,ns
species,Epimedium brevicornum,CYP_inhibition,5,4.170212765957447,16,196,752,1.2970014278914803,1.3623566806674992,0.4461044669789345,0.577123622343397,1.0,ns
species,Glycyrrhiza uralensis,receptor_antagonism,1,0.8563829787234043,46,14,752,1.1846153846153846,1.6935286935286935,0.7600324306825941,0.5900329821886848,1.0,ns
species,Panax ginseng,additive_toxicity,1,0.8577127659574468,43,15,752,1.1819727891156462,1.6929006085192697,0.7594972739981214,0.5900803298966146,1.0,ns
species,Sophora flavescens,transporter_modulation,1,0.875,14,47,752,1.157190635451505,1.6547192353643967,0.726586448386207,0.5981626397656801,1.0,ns
species,Ligusticum chuanxiong,synergistic_efficacy,1,0.8936170212765957,12,56,752,1.1322314049586777,1.6110458284371327,0.6879975340932631,0.6077192065259839,1.0,ns
species,Reynoutria multiflora,synergistic_efficacy,0,0.9680851063829787,13,56,752,0.0,0.44804981973123564,-1.1582689369725963,0.6140805166904274,1.0,ns
species,Coptis chinensis,additive_toxicity,0,0.9574468085106383,48,15,752,0.0,0.45859660791486534,-1.1247024110600223,0.6157486719641373,1.0,ns
species,Epimedium brevicornum,P-gp_inhibition,0,1.0,16,47,752,0.0,0.4398724082934609,-1.1848429861754208,0.6160962534458521,1.0,ns
species,Epimedium brevicornum,absorption_alteration,0,1.0,16,47,752,0.0,0.4398724082934609,-1.1848429861754208,0.6160962534458521,1.0,ns
species,Epimedium brevicornum,transporter_modulation,0,1.0,16,47,752,0.0,0.4398724082934609,-1.1848429861754208,0.6160962534458521,1.0,ns
species,Schisandra chinensis,additive_toxicity,0,0.9375,47,15,752,0.0,0.4689303904923599,-1.0925543144597722,0.6161309770119298,1.0,ns
species,Hypericum perforatum,receptor_antagonism,0,1.0797872340425532,58,14,752,0.0,0.4011199528440908,-1.317894363206982,0.6163421823706774,1.0,ns
species,Pueraria lobata,UGT_inhibition,0,0.9813829787234043,18,41,752,0.0,0.4516444154998372,-1.1467407246522718,0.6169544436337286,1.0,ns
species,Pueraria lobata,transporter_modulation,0,1.125,18,47,752,0.0,0.3911806543385491,-1.3540930706605132,0.6204421026176228,1.0,ns
species,Andrographis paniculata,P-gp_inhibition,0,1.125,18,47,752,0.0,0.3911806543385491,-1.3540930706605132,0.6204421026176228,1.0,ns
species,Andrographis paniculata,absorption_alteration,0,1.125,18,47,752,0.0,0.3911806543385491,-1.3540930706605132,0.6204421026176228,1.0,ns
species,Andrographis paniculata,transporter_modulation,0,1.125,18,47,752,0.0,0.3911806543385491,-1.3540930706605132,0.6204421026176228,1.0,ns
species,Hypericum perforatum,additive_toxicity,0,1.1569148936170213,58,15,752,0.0,0.3746898263027295,-1.4162312892028885,0.6206867395389538,1.0,ns
species,Astragalus membranaceus,receptor_synergism,6,4.9787234042553195,39,96,752,1.2585858585858587,1.3367691927104808,0.41875039042978446,0.6207172044167019,1.0,ns
species,Scutellaria baicalensis,organ_toxicity_modulation,0,1.1183510638297873,29,29,752,0.0,0.3990232691755243,-1.32545521474229,0.6216881553251221,1.0,ns
species,Epimedium brevicornum,synergistic_efficacy,0,1.1914893617021276,16,56,752,0.0,0.3649772056851703,-1.4541217302696465,0.6234989194128633,1.0,ns
species,Curcuma longa,signaling_pathway_modulation,0,1.1542553191489362,31,28,752,0.0,0.3862433862433862,-1.3724178653410555,0.6236243277174136,1.0,ns
species,Tripterygium wilfordii,transporter_modulation,0,1.1875,19,47,752,0.0,0.37058029689608635,-1.4321419170460956,0.6244640603555531,1.0,ns
species,multi_source_quercetin,absorption_alteration,0,1.1875,19,47,752,0.0,0.37058029689608635,-1.4321419170460956,0.6244640603555531,1.0,ns
species,Allium sativum,receptor_synergism,0,1.2765957446808511,10,96,752,0.0,0.31902294596595115,-1.6482679002365863,0.6246909492708093,1.0,ns
species,Curcuma longa,organ_toxicity_modulation,0,1.1954787234042554,31,29,752,0.0,0.37261232176486414,-1.424252711925207,0.6263350049151868,1.0,ns
species,Panax notoginseng,transporter_modulation,0,1.25,20,47,752,0.0,0.35198973042362003,-1.5063947571698055,0.6295064399572985,1.0,ns
species,Magnolia officinalis,transporter_modulation,0,1.3125,21,47,752,0.0,0.3351285189718482,-1.5772136317751464,0.6354282632530629,1.0,ns
species,Rheum officinale,P-gp_inhibition,0,1.3125,21,47,752,0.0,0.3351285189718482,-1.5772136317751464,0.6354282632530629,1.0,ns
species,Pueraria lobata,synergistic_efficacy,2,1.3404255319148937,18,56,752,1.5740740740740742,1.8918543230469835,0.9198010022559772,0.6374151777431275,1.0,ns
species,Panax notoginseng,synergistic_efficacy,2,1.4893617021276595,20,56,752,1.3950617283950617,1.6823704438383338,0.7504954099003404,0.6552799494283001,1.0,ns
species,Camellia sinensis,absorption_alteration,2,1.5,24,47,752,1.3797979797979798,1.6691086691086692,0.7390778859650514,0.6572522948904356,1.0,ns
species,Ligusticum chuanxiong,receptor_synergism,2,1.5319148936170213,12,96,752,1.374468085106383,1.6288737717309145,0.7038748076977837,0.657638461623855,1.0,ns
species,Allium sativum,CYP_induction,2,1.648936170212766,10,124,752,1.2704918032786885,1.489795918367347,0.5751147147648091,0.6734350103461736,1.0,ns
species,Schisandra chinensis,signaling_pathway_modulation,2,1.75,47,28,752,1.1606837606837608,1.4088741447232014,0.4945427408928582,0.692184063047948,1.0,ns
species,Sophora flavescens,receptor_synergism,2,1.7872340425531914,14,96,752,1.1418439716312057,1.364021164021164,0.44786602925321584,0.6966100553844428,1.0,ns
species,Coptis chinensis,signaling_pathway_modulation,2,1.7872340425531914,48,28,752,1.1337792642140467,1.3765469669304118,0.46105383463498584,0.6976743065589985,1.0,ns
species,Scutellaria baicalensis,absorption_alteration,2,1.8125,29,47,752,1.1160493827160494,1.3556443556443556,0.43897874658286057,0.7014464802510233,1.0,ns
species,Stephania tetrandra,CYP_induction,1,2.143617021276596,13,124,752,0.4173441734417344,0.5990283400809716,-0.7393038362354072,0.7054258532842506,1.0,ns
species,Coptis chinensis,organ_toxicity_modulation,2,1.851063829787234,48,29,752,1.0901771336553945,1.324535679374389,0.4054867064959052,0.707204008517799,1.0,ns
species,Hypericum perforatum,signaling_pathway_modulation,1,2.1595744680851063,58,28,752,0.433398310591293,0.633201581027668,-0.6592632371729623,0.7161187721346697,1.0,ns
species,Glycyrrhiza uralensis,CYP_inhibition,13,11.98936170212766,46,196,752,1.1258486504388143,1.1496604172597502,0.20120778579329165,0.7300644002017449,1.0,ns
species,Panax notoginseng,receptor_synergism,3,2.5531914893617023,20,96,752,1.2125237191650853,1.3679144385026738,0.45197799410663797,0.7326093738488828,1.0,ns
species,Schisandra chinensis,UGT_inhibition,3,2.5625,47,41,752,1.1967703349282297,1.3636363636363635,0.44745897697122117,0.7367293507924811,1.0,ns
species,Angelica sinensis,CYP_inhibition,2,2.867021276595745,11,196,752,0.6265750286368843,0.7407657962386687,-0.4329106090538793,0.7371421659709493,1.0,ns
species,Pueraria lobata,CYP_induction,2,2.9680851063829787,18,124,752,0.6270491803278688,0.7575757575757576,-0.40053792958372875,0.7518433391625459,1.0,ns
species,Camellia sinensis,receptor_synergism,2,3.0638297872340425,24,96,752,0.6131528046421664,0.746031746031746,-0.42269107182227905,0.7569647215925712,1.0,ns
species,Schisandra chinensis,absorption_alteration,2,2.9375,47,47,752,0.6518518518518519,0.7976089844221712,-0.3262464342632026,0.7609317110203639,1.0,ns
species,Sophora flavescens,CYP_inhibition,4,3.648936170212766,14,196,752,1.1375,1.2166975881261595,0.2829706287531929,0.7657904898237398,1.0,ns
species,Curcuma longa,CYP_induction,4,5.111702127659575,31,124,752,0.7419753086419754,0.8168238400603546,-0.2919031211362324,0.8048065297806184,1.0,ns
species,Astragalus membranaceus,CYP_inhibition,9,10.164893617021276,39,196,752,0.8438502673796792,0.8746229508196721,-0.19326688847682713,0.8514397003425591,1.0,ns
species,Salvia miltiorrhiza,synergistic_efficacy,4,4.3936170212765955,59,56,752,0.8965034965034965,0.9907335907335907,-0.01343092748423381,1.0,1.0,ns
species,Salvia miltiorrhiza,absorption_alteration,3,3.6875,59,47,752,0.7901785714285714,0.9041463657154221,-0.14537175587610032,1.0,1.0,ns
species,Salvia miltiorrhiza,organ_toxicity_modulation,2,2.2752659574468086,59,29,752,0.8654970760233918,1.0537549407114624,0.07553939550730054,1.0,1.0,ns
species,Salvia miltiorrhiza,additive_toxicity,1,1.1768617021276595,59,15,752,0.8362068965517241,1.2015915119363396,0.2649465267775709,1.0,1.0,ns
species,Salvia miltiorrhiza,receptor_antagonism,1,1.0984042553191489,59,14,752,0.9018567639257294,1.292497625830959,0.37016163047827766,1.0,1.0,ns
species,Salvia miltiorrhiza,P-gp_induction,0,0.39228723404255317,59,5,752,0.0,1.051948051948052,0.07306346218972339,1.0,1.0,ns
species,Salvia miltiorrhiza,UGT_induction,0,0.23537234042553193,59,3,752,0.0,1.6578631452581032,0.7293249188925032,1.0,1.0,ns
species,Salvia miltiorrhiza,antagonistic_efficacy,0,0.23537234042553193,59,3,752,0.0,1.6578631452581032,0.7293249188925032,1.0,1.0,ns
species,Salvia miltiorrhiza,protein_binding_displacement,0,0.07845744680851063,59,1,752,0.0,3.8795518207282913,1.955889996907451,1.0,1.0,ns
species,Hypericum perforatum,UGT_induction,0,0.23138297872340424,58,3,752,0.0,1.6886446886446886,0.7558657995094855,1.0,1.0,ns
species,Hypericum perforatum,antagonistic_efficacy,0,0.23138297872340424,58,3,752,0.0,1.6886446886446886,0.7558657995094855,1.0,1.0,ns
species,Hypericum perforatum,protein_binding_displacement,0,0.07712765957446809,58,1,752,0.0,3.9515669515669516,1.982424852019042,1.0,1.0,ns
species,Coptis chinensis,receptor_antagonism,0,0.8936170212765957,48,14,752,0.0,0.49093494489868467,-1.026396233056649,1.0,1.0,ns
species,Coptis chinensis,UGT_induction,0,0.19148936170212766,48,3,752,0.0,2.066273932253314,1.0470315293751675,1.0,1.0,ns
species,Coptis chinensis,antagonistic_efficacy,0,0.19148936170212766,48,3,752,0.0,2.066273932253314,1.0470315293751675,1.0,1.0,ns
species,Coptis chinensis,protein_binding_displacement,0,0.06382978723404255,48,1,752,0.0,4.835051546391752,2.273531270328249,1.0,1.0,ns
species,Schisandra chinensis,CYP_induction,7,7.75,47,124,752,0.8794871794871795,0.9275019700551616,-0.1085777488026617,1.0,1.0,ns
species,Schisandra chinensis,receptor_antagonism,0,0.875,47,14,752,0.0,0.5019963702359347,-0.9942511623080258,1.0,1.0,ns
species,Schisandra chinensis,P-gp_induction,0,0.3125,47,5,752,0.0,1.3406698564593302,0.4229540134625731,1.0,1.0,ns
species,Schisandra chinensis,UGT_induction,0,0.1875,47,3,752,0.0,2.112781954887218,1.0791438847197365,1.0,1.0,ns
species,Schisandra chinensis,antagonistic_efficacy,0,0.1875,47,3,752,0.0,2.112781954887218,1.0791438847197365,1.0,1.0,ns
species,Schisandra chinensis,protein_binding_displacement,0,0.0625,47,1,752,0.0,4.943859649122807,2.3056377872575324,1.0,1.0,ns
species,Glycyrrhiza uralensis,transporter_modulation,2,2.875,46,47,752,0.6676767676767676,0.8167675021607606,-0.29200262999905496,1.0,1.0,ns
species,Glycyrrhiza uralensis,signaling_pathway_modulation,1,1.7127659574468086,46,28,752,0.5588477366255145,0.8145854145854146,-0.29586211223480846,1.0,1.0,ns
species,Glycyrrhiza uralensis,additive_toxicity,0,0.9175531914893617,46,15,752,0.0,0.4797086368366285,-1.0597696803444125,1.0,1.0,ns
species,Glycyrrhiza uralensis,P-gp_induction,0,0.3058510638297872,46,5,752,0.0,1.3714565004887584,0.4557088638745704,1.0,1.0,ns
species,Glycyrrhiza uralensis,antagonistic_efficacy,0,0.18351063829787234,46,3,752,0.0,2.161290322580645,1.1118928800708971,1.0,1.0,ns
species,Glycyrrhiza uralensis,protein_binding_displacement,0,0.061170212765957445,46,1,752,0.0,5.057347670250896,2.3383809607680766,1.0,1.0,ns
species,Panax ginseng,CYP_inhibition,11,11.207446808510639,43,196,752,0.9736486486486486,1.0004976155919552,0.0007177289850225905,1.0,1.0,ns
species,Panax ginseng,CYP_induction,7,7.090425531914893,43,124,752,0.9838556505223172,1.0361410667443893,0.05122043394912294,1.0,1.0,ns
species,Panax ginseng,signaling_pathway_modulation,1,1.601063829787234,43,28,752,0.6014109347442681,0.8759358288770054,-0.19110291313399033,1.0,1.0,ns
species,Panax ginseng,P-gp_induction,0,0.2859042553191489,43,5,752,0.0,1.4723092998955067,0.558080781823611,1.0,1.0,ns
species,Panax ginseng,UGT_induction,0,0.17154255319148937,43,3,752,0.0,2.3201970443349755,1.214247332427607,1.0,1.0,ns
species,Panax ginseng,antagonistic_efficacy,0,0.17154255319148937,43,3,752,0.0,2.3201970443349755,1.214247332427607,1.0,1.0,ns
species,Panax ginseng,protein_binding_displacement,0,0.057180851063829786,43,1,752,0.0,5.42911877394636,2.440718046348134,1.0,1.0,ns
species,Astragalus membranaceus,P-gp_inhibition,2,2.4375,39,47,752,0.8024024024024023,0.9794871794871794,-0.029901485713862058,1.0,1.0,ns
species,Astragalus membranaceus,UGT_inhibition,2,2.1263297872340425,39,41,752,0.9341649341649342,1.1383966244725738,0.1870032891626461,1.0,1.0,ns
species,Astragalus membranaceus,organ_toxicity_modulation,1,1.5039893617021276,39,29,752,0.643796992481203,0.9371155160628845,-0.09370119835926102,1.0,1.0,ns
species,Astragalus membranaceus,P-gp_induction,0,0.25930851063829785,39,5,752,0.0,1.6306098964326812,0.7054116761036183,1.0,1.0,ns
species,Astragalus membranaceus,UGT_induction,0,0.15558510638297873,39,3,752,0.0,2.569620253164557,1.3615551690080732,1.0,1.0,ns
species,Astragalus membranaceus,antagonistic_efficacy,0,0.15558510638297873,39,3,752,0.0,2.569620253164557,1.3615551690080732,1.0,1.0,ns
species,Astragalus membranaceus,protein_binding_displacement,0,0.05186170212765957,39,1,752,0.0,6.012658227848101,2.5880029550412074,1.0,1.0,ns
species,Curcuma longa,receptor_antagonism,0,0.5771276595744681,31,14,752,0.0,0.7744937055281883,-0.3686745809082439,1.0,1.0,ns
species,Curcuma longa,P-gp_induction,0,0.20611702127659576,31,5,752,0.0,2.067821067821068,1.048111352124932,1.0,1.0,ns
species,Curcuma longa,UGT_induction,0,0.12367021276595745,31,3,752,0.0,3.258503401360544,1.7042095008998157,1.0,1.0,ns
species,Curcuma longa,protein_binding_displacement,0,0.041223404255319146,31,1,752,0.0,7.624338624338624,2.930612195953675,1.0,1.0,ns
species,Scutellaria baicalensis,signaling_pathway_modulation,1,1.0797872340425532,29,28,752,0.9206349206349206,1.3330143540669857,0.41469231563300785,1.0,1.0,ns
species,Scutellaria baicalensis,additive_toxicity,0,0.5784574468085106,29,15,752,0.0,0.7747402952433023,-0.36821531683069797,1.0,1.0,ns
species,Scutellaria baicalensis,P-gp_induction,0,0.19281914893617022,29,5,752,0.0,2.214175654853621,1.146769678458198,1.0,1.0,ns
species,Scutellaria baicalensis,UGT_induction,0,0.11569148936170212,29,3,752,0.0,3.4891041162227605,1.8028566487553022,1.0,1.0,ns
species,Scutellaria baicalensis,antagonistic_efficacy,0,0.11569148936170212,29,3,752,0.0,3.4891041162227605,1.8028566487553022,1.0,1.0,ns
species,Scutellaria baicalensis,protein_binding_displacement,0,0.03856382978723404,29,1,752,0.0,8.163841807909604,3.0292482273050436,1.0,1.0,ns
species,Ginkgo biloba,absorption_alteration,1,1.5625,25,47,752,0.6168478260869565,0.8973008558262014,-0.15633630769687393,1.0,1.0,ns
species,Ginkgo biloba,UGT_inhibition,1,1.363031914893617,25,41,752,0.715625,1.0393046107331823,0.05561855702070767,1.0,1.0,ns
species,Ginkgo biloba,signaling_pathway_modulation,1,0.9308510638297872,25,28,752,1.0802469135802468,1.5595547309833024,0.6411341835121065,1.0,1.0,ns
species,Ginkgo biloba,receptor_antagonism,0,0.4654255319148936,25,14,752,0.0,0.964841108857336,-0.05163671762330433,1.0,1.0,ns
species,Ginkgo biloba,P-gp_induction,0,0.16622340425531915,25,5,752,0.0,2.5757575757575757,1.3649968167792483,1.0,1.0,ns
species,Ginkgo biloba,UGT_induction,0,0.09973404255319149,25,3,752,0.0,4.0588235294117645,2.0210616155278296,1.0,1.0,ns
species,Ginkgo biloba,antagonistic_efficacy,0,0.09973404255319149,25,3,752,0.0,4.0588235294117645,2.0210616155278296,1.0,1.0,ns
species,Camellia sinensis,UGT_inhibition,1,1.3085106382978724,24,41,752,0.7478260869565218,1.0851063829787233,0.11783649029385809,1.0,1.0,ns
species,Camellia sinensis,organ_toxicity_modulation,0,0.925531914893617,24,29,752,0.0,0.48391560013836044,-1.0471726463122961,1.0,1.0,ns
species,Camellia sinensis,signaling_pathway_modulation,0,0.8936170212765957,24,28,752,0.0,0.5016111707841031,-0.9953586178491318,1.0,1.0,ns
species,Camellia sinensis,P-gp_induction,0,0.1595744680851064,24,5,752,0.0,2.684601113172542,1.4247077437792193,1.0,1.0,ns
species,Camellia sinensis,UGT_induction,0,0.09574468085106383,24,3,752,0.0,4.230320699708455,2.0807670378939322,1.0,1.0,ns
species,Camellia sinensis,antagonistic_efficacy,0,0.09574468085106383,24,3,752,0.0,4.230320699708455,2.0807670378939322,1.0,1.0,ns
species,Camellia sinensis,protein_binding_displacement,0,0.031914893617021274,24,1,752,0.0,9.89795918367347,3.3071310929592816,1.0,1.0,ns
species,Magnolia officinalis,CYP_inhibition,5,5.473404255319149,21,196,752,0.8835078534031413,0.9408181026979983,-0.08801227491146302,1.0,1.0,ns
species,Magnolia officinalis,UGT_inhibition,1,1.1449468085106382,21,41,752,0.86375,1.2493224932249323,0.32114593436894195,1.0,1.0,ns
species,Magnolia officinalis,organ_toxicity_modulation,0,0.8098404255319149,21,29,752,0.0,0.553803705163579,-0.8525533889556508,1.0,1.0,ns
species,Magnolia officinalis,signaling_pathway_modulation,0,0.7819148936170213,21,28,752,0.0,0.5740514075887393,-0.8007481556303069,1.0,1.0,ns
species,Magnolia officinalis,additive_toxicity,0,0.41888297872340424,21,15,752,0.0,1.0750187546886723,0.10436182917317263,1.0,1.0,ns
species,Magnolia officinalis,receptor_antagonism,0,0.39095744680851063,21,14,752,0.0,1.1507618283881316,0.20258927173338015,1.0,1.0,ns
species,Magnolia officinalis,P-gp_induction,0,0.13962765957446807,21,5,752,0.0,3.0718816067653276,1.619122614293446,1.0,1.0,ns
species,Magnolia officinalis,UGT_induction,0,0.08377659574468085,21,3,752,0.0,4.840531561461794,2.2751654853048104,1.0,1.0,ns
species,Magnolia officinalis,antagonistic_efficacy,0,0.08377659574468085,21,3,752,0.0,4.840531561461794,2.2751654853048104,1.0,1.0,ns
species,Magnolia officinalis,protein_binding_displacement,0,0.027925531914893616,21,1,752,0.0,11.325581395348838,3.501513207380244,1.0,1.0,ns
species,Rheum officinale,CYP_inhibition,5,5.473404255319149,21,196,752,0.8835078534031413,0.9408181026979983,-0.08801227491146302,1.0,1.0,ns
species,Rheum officinale,absorption_alteration,1,1.3125,21,47,752,0.7445652173913043,1.0786782061369,0.10926454077426691,1.0,1.0,ns
species,Rheum officinale,organ_toxicity_modulation,0,0.8098404255319149,21,29,752,0.0,0.553803705163579,-0.8525533889556508,1.0,1.0,ns
species,Rheum officinale,additive_toxicity,0,0.41888297872340424,21,15,752,0.0,1.0750187546886723,0.10436182917317263,1.0,1.0,ns
species,Rheum officinale,receptor_antagonism,0,0.39095744680851063,21,14,752,0.0,1.1507618283881316,0.20258927173338015,1.0,1.0,ns
species,Rheum officinale,UGT_induction,0,0.08377659574468085,21,3,752,0.0,4.840531561461794,2.2751654853048104,1.0,1.0,ns
species,Rheum officinale,antagonistic_efficacy,0,0.08377659574468085,21,3,752,0.0,4.840531561461794,2.2751654853048104,1.0,1.0,ns
species,Rheum officinale,protein_binding_displacement,0,0.027925531914893616,21,1,752,0.0,11.325581395348838,3.501513207380244,1.0,1.0,ns
species,Panax notoginseng,CYP_induction,3,3.297872340425532,20,124,752,0.8911035488575596,1.0065843621399178,0.009468090034243476,1.0,1.0,ns
species,Panax notoginseng,UGT_inhibition,1,1.0904255319148937,20,41,752,0.9105263157894737,1.315289648622982,0.3953805399108338,1.0,1.0,ns
species,Panax notoginseng,organ_toxicity_modulation,0,0.7712765957446809,20,29,752,0.0,0.5816453079785036,-0.7817884407433922,1.0,1.0,ns
species,Panax notoginseng,additive_toxicity,0,0.39893617021276595,20,15,752,0.0,1.1290322580645162,0.1750867065580914,1.0,1.0,ns
species,Panax notoginseng,receptor_antagonism,0,0.3723404255319149,20,14,752,0.0,1.208578637510513,0.27331134671168056,1.0,1.0,ns
species,Panax notoginseng,P-gp_induction,0,0.13297872340425532,20,5,752,0.0,3.2261640798226163,1.6898198145402652,1.0,1.0,ns
species,Panax notoginseng,UGT_induction,0,0.0797872340425532,20,3,752,0.0,5.083623693379791,2.345857241242203,1.0,1.0,ns
species,Panax notoginseng,antagonistic_efficacy,0,0.0797872340425532,20,3,752,0.0,5.083623693379791,2.345857241242203,1.0,1.0,ns
species,Panax notoginseng,protein_binding_displacement,0,0.026595744680851064,20,1,752,0.0,11.894308943089431,3.572199548799247,1.0,1.0,ns
species,Tripterygium wilfordii,synergistic_efficacy,1,1.4148936170212767,19,56,752,0.6848484848484848,0.9912344777209642,-0.012701725839045473,1.0,1.0,ns
species,Tripterygium wilfordii,absorption_alteration,1,1.1875,19,47,752,0.8297101449275363,1.1987794245858763,0.2615662272835594,1.0,1.0,ns
species,Tripterygium wilfordii,signaling_pathway_modulation,0,0.7074468085106383,19,28,752,0.0,0.634727845254161,-0.6557899604297258,1.0,1.0,ns
species,Tripterygium wilfordii,additive_toxicity,0,0.37898936170212766,19,15,752,0.0,1.1885856079404467,0.24924581720821287,1.0,1.0,ns
species,Tripterygium wilfordii,receptor_antagonism,0,0.3537234042553192,19,14,752,0.0,1.2723253757736517,0.34746766275047747,1.0,1.0,ns
species,Tripterygium wilfordii,P-gp_induction,0,0.12632978723404256,19,5,752,0.0,3.3962703962703964,1.763951324564967,1.0,1.0,ns
species,Tripterygium wilfordii,UGT_induction,0,0.07579787234042554,19,3,752,0.0,5.351648351648351,2.4199833218836457,1.0,1.0,ns
species,Tripterygium wilfordii,antagonistic_efficacy,0,0.07579787234042554,19,3,752,0.0,5.351648351648351,2.4199833218836457,1.0,1.0,ns
species,Tripterygium wilfordii,protein_binding_displacement,0,0.02526595744680851,19,1,752,0.0,12.521367521367521,3.646320229726206,1.0,1.0,ns
species,multi_source_quercetin,UGT_inhibition,1,1.0359042553191489,19,41,752,0.9625,1.3883883883883883,0.4734112045311843,1.0,1.0,ns
species,multi_source_quercetin,receptor_antagonism,0,0.3537234042553192,19,14,752,0.0,1.2723253757736517,0.34746766275047747,1.0,1.0,ns
species,multi_source_quercetin,P-gp_induction,0,0.12632978723404256,19,5,752,0.0,3.3962703962703964,1.763951324564967,1.0,1.0,ns
species,multi_source_quercetin,UGT_induction,0,0.07579787234042554,19,3,752,0.0,5.351648351648351,2.4199833218836457,1.0,1.0,ns
species,multi_source_quercetin,antagonistic_efficacy,0,0.07579787234042554,19,3,752,0.0,5.351648351648351,2.4199833218836457,1.0,1.0,ns
species,multi_source_quercetin,protein_binding_displacement,0,0.02526595744680851,19,1,752,0.0,12.521367521367521,3.646320229726206,1.0,1.0,ns
species,Pueraria lobata,receptor_synergism,2,2.297872340425532,18,96,752,0.851063829787234,1.026936026936027,0.03834631164948296,1.0,1.0,ns
species,Pueraria lobata,absorption_alteration,1,1.125,18,47,752,0.8797953964194374,1.2691244239631336,0.34383351680312246,1.0,1.0,ns
species,Pueraria lobata,P-gp_induction,0,0.1196808510638298,18,5,752,0.0,3.5847665847665846,1.8418791836516437,1.0,1.0,ns
species,Pueraria lobata,UGT_induction,0,0.07180851063829788,18,3,752,0.0,5.648648648648648,2.497905766451933,1.0,1.0,ns
species,Pueraria lobata,antagonistic_efficacy,0,0.07180851063829788,18,3,752,0.0,5.648648648648648,2.497905766451933,1.0,1.0,ns
species,Pueraria lobata,protein_binding_displacement,0,0.023936170212765957,18,1,752,0.0,13.216216216216216,3.724237289323284,1.0,1.0,ns
species,Andrographis paniculata,receptor_synergism,2,2.297872340425532,18,96,752,0.851063829787234,1.026936026936027,0.03834631164948296,1.0,1.0,ns
species,Andrographis paniculata,organ_toxicity_modulation,0,0.6941489361702128,18,29,752,0.0,0.6463582226294091,-0.6295941423935267,1.0,1.0,ns
species,Andrographis paniculata,signaling_pathway_modulation,0,0.6702127659574468,18,28,752,0.0,0.6699857752489331,-0.5777976294597522,1.0,1.0,ns
species,Andrographis paniculata,additive_toxicity,0,0.35904255319148937,18,15,752,0.0,1.2545771578029643,0.32720120072447295,1.0,1.0,ns
species,Andrographis paniculata,receptor_antagonism,0,0.3351063829787234,18,14,752,0.0,1.342963653308481,0.42542025941822575,1.0,1.0,ns
species,Andrographis paniculata,P-gp_induction,0,0.1196808510638298,18,5,752,0.0,3.5847665847665846,1.8418791836516437,1.0,1.0,ns
species,Andrographis paniculata,UGT_induction,0,0.07180851063829788,18,3,752,0.0,5.648648648648648,2.497905766451933,1.0,1.0,ns
species,Andrographis paniculata,antagonistic_efficacy,0,0.07180851063829788,18,3,752,0.0,5.648648648648648,2.497905766451933,1.0,1.0,ns
species,Andrographis paniculata,protein_binding_displacement,0,0.023936170212765957,18,1,752,0.0,13.216216216216216,3.724237289323284,1.0,1.0,ns
species,Epimedium brevicornum,organ_toxicity_modulation,0,0.6170212765957447,16,29,752,0.0,0.7267591165896251,-0.46045083100104994,1.0,1.0,ns
species,Epimedium brevicornum,additive_toxicity,0,0.3191489361702128,16,15,752,0.0,1.4105571847507332,0.4962651547458696,1.0,1.0,ns
species,Epimedium brevicornum,receptor_antagonism,0,0.2978723404255319,16,14,752,0.0,1.5099268547544409,0.5944786629020156,1.0,1.0,ns
species,Epimedium brevicornum,P-gp_induction,0,0.10638297872340426,16,5,752,0.0,4.03030303030303,2.010888316142736,1.0,1.0,ns
species,Epimedium brevicornum,UGT_induction,0,0.06382978723404255,16,3,752,0.0,6.35064935064935,2.666904114257332,1.0,1.0,ns
species,Epimedium brevicornum,antagonistic_efficacy,0,0.06382978723404255,16,3,752,0.0,6.35064935064935,2.666904114257332,1.0,1.0,ns
species,Epimedium brevicornum,protein_binding_displacement,0,0.02127659574468085,16,1,752,0.0,14.858585858585858,3.8932249111752206,1.0,1.0,ns
species,Sophora flavescens,CYP_induction,2,2.3085106382978724,14,124,752,0.8415300546448088,1.006530612244898,0.00939105051290628,1.0,1.0,ns
species,Sophora flavescens,P-gp_inhibition,0,0.875,14,47,752,0.0,0.5019963702359347,-0.9942511623080258,1.0,1.0,ns
species,Sophora flavescens,absorption_alteration,0,0.875,14,47,752,0.0,0.5019963702359347,-0.9942511623080258,1.0,1.0,ns
species,Sophora flavescens,UGT_inhibition,0,0.7632978723404256,14,41,752,0.0,0.5795596177814707,-0.786971019757947,1.0,1.0,ns
species,Sophora flavescens,organ_toxicity_modulation,0,0.5398936170212766,14,29,752,0.0,0.8293395675043834,-0.269965170428862,1.0,1.0,ns
species,Sophora flavescens,additive_toxicity,0,0.27925531914893614,14,15,752,0.0,1.6095661846496108,0.6866719010172774,1.0,1.0,ns
species,Sophora flavescens,receptor_antagonism,0,0.26063829787234044,14,14,752,0.0,1.72294887039239,0.7848798893017852,1.0,1.0,ns
species,Sophora flavescens,P-gp_induction,0,0.09308510638297872,14,5,752,0.0,4.598746081504702,2.2012405419085206,1.0,1.0,ns
species,Sophora flavescens,UGT_induction,0,0.05585106382978723,14,3,752,0.0,7.246305418719212,2.857245614069654,1.0,1.0,ns
species,Sophora flavescens,antagonistic_efficacy,0,0.05585106382978723,14,3,752,0.0,7.246305418719212,2.857245614069654,1.0,1.0,ns
species,Sophora flavescens,protein_binding_displacement,0,0.018617021276595744,14,1,752,0.0,16.95402298850575,4.083555743287838,1.0,1.0,ns
species,Paeonia lactiflora,CYP_induction,2,2.3085106382978724,14,124,752,0.8415300546448088,1.006530612244898,0.00939105051290628,1.0,1.0,ns
species,Paeonia lactiflora,receptor_synergism,1,1.7872340425531914,14,96,752,0.5206477732793522,0.7486910994764397,-0.41755749125735936,1.0,1.0,ns
species,Paeonia lactiflora,synergistic_efficacy,1,1.0425531914893618,14,56,752,0.9552447552447553,1.3683683683683683,0.4524566598136416,1.0,1.0,ns
species,Paeonia lactiflora,UGT_inhibition,0,0.7632978723404256,14,41,752,0.0,0.5795596177814707,-0.786971019757947,1.0,1.0,ns
species,Paeonia lactiflora,organ_toxicity_modulation,0,0.5398936170212766,14,29,752,0.0,0.8293395675043834,-0.269965170428862,1.0,1.0,ns
species,Paeonia lactiflora,additive_toxicity,0,0.27925531914893614,14,15,752,0.0,1.6095661846496108,0.6866719010172774,1.0,1.0,ns
species,Paeonia lactiflora,P-gp_induction,0,0.09308510638297872,14,5,752,0.0,4.598746081504702,2.2012405419085206,1.0,1.0,ns
species,Paeonia lactiflora,UGT_induction,0,0.05585106382978723,14,3,752,0.0,7.246305418719212,2.857245614069654,1.0,1.0,ns
species,Paeonia lactiflora,antagonistic_efficacy,0,0.05585106382978723,14,3,752,0.0,7.246305418719212,2.857245614069654,1.0,1.0,ns
species,Paeonia lactiflora,protein_binding_displacement,0,0.018617021276595744,14,1,752,0.0,16.95402298850575,4.083555743287838,1.0,1.0,ns
species,Reynoutria multiflora,CYP_inhibition,3,3.3882978723404253,13,196,752,0.8487046632124352,0.9414298018949182,-0.0870745711936618,1.0,1.0,ns
species,Reynoutria multiflora,P-gp_inhibition,0,0.8125,13,47,752,0.0,0.5399610136452242,-0.8890728495578656,1.0,1.0,ns
species,Reynoutria multiflora,absorption_alteration,0,0.8125,13,47,752,0.0,0.5399610136452242,-0.8890728495578656,1.0,1.0,ns
species,Reynoutria multiflora,transporter_modulation,0,0.8125,13,47,752,0.0,0.5399610136452242,-0.8890728495578656,1.0,1.0,ns
species,Reynoutria multiflora,signaling_pathway_modulation,0,0.48404255319148937,13,28,752,0.0,0.9246263807667316,-0.11305756980172782,1.0,1.0,ns
species,Reynoutria multiflora,receptor_antagonism,0,0.24202127659574468,13,14,752,0.0,1.8531289910600255,0.8899633067757038,1.0,1.0,ns
species,Reynoutria multiflora,P-gp_induction,0,0.08643617021276596,13,5,752,0.0,4.946127946127946,2.306299559755514,1.0,1.0,ns
species,Reynoutria multiflora,UGT_induction,0,0.05186170212765957,13,3,752,0.0,7.7936507936507935,2.9622992908147765,1.0,1.0,ns
species,Reynoutria multiflora,antagonistic_efficacy,0,0.05186170212765957,13,3,752,0.0,7.7936507936507935,2.9622992908147765,1.0,1.0,ns
species,Reynoutria multiflora,protein_binding_displacement,0,0.017287234042553192,13,1,752,0.0,18.234567901234566,4.188604107880164,1.0,1.0,ns
species,Stephania tetrandra,absorption_alteration,0,0.8125,13,47,752,0.0,0.5399610136452242,-0.8890728495578656,1.0,1.0,ns
species,Stephania tetrandra,transporter_modulation,0,0.8125,13,47,752,0.0,0.5399610136452242,-0.8890728495578656,1.0,1.0,ns
species,Stephania tetrandra,UGT_inhibition,0,0.7087765957446809,13,41,752,0.0,0.6233824185631415,-0.6818106281009302,1.0,1.0,ns
species,Stephania tetrandra,organ_toxicity_modulation,0,0.5013297872340425,13,29,752,0.0,0.8920276208411801,-0.1648397122825295,1.0,1.0,ns
species,Stephania tetrandra,additive_toxicity,0,0.25930851063829785,13,15,752,0.0,1.7311827956989247,0.7917580670065856,1.0,1.0,ns
species,Stephania tetrandra,P-gp_induction,0,0.08643617021276596,13,5,752,0.0,4.946127946127946,2.306299559755514,1.0,1.0,ns
species,Stephania tetrandra,UGT_induction,0,0.05186170212765957,13,3,752,0.0,7.7936507936507935,2.9622992908147765,1.0,1.0,ns
species,Stephania tetrandra,antagonistic_efficacy,0,0.05186170212765957,13,3,752,0.0,7.7936507936507935,2.9622992908147765,1.0,1.0,ns
species,Stephania tetrandra,protein_binding_displacement,0,0.017287234042553192,13,1,752,0.0,18.234567901234566,4.188604107880164,1.0,1.0,ns
species,Ligusticum chuanxiong,CYP_inhibition,3,3.127659574468085,12,196,752,0.9447322970639033,1.0424316605467157,0.05995280695814411,1.0,1.0,ns
species,Ligusticum chuanxiong,P-gp_inhibition,0,0.75,12,47,752,0.0,0.584,-0.77595972578207,1.0,1.0,ns
species,Ligusticum chuanxiong,UGT_inhibition,0,0.6542553191489362,12,41,752,0.0,0.6742168674698795,-0.5687153739568961,1.0,1.0,ns
species,Ligusticum chuanxiong,organ_toxicity_modulation,0,0.4627659574468085,12,29,752,0.0,0.9647457627118644,-0.05177929261008356,1.0,1.0,ns
species,Ligusticum chuanxiong,signaling_pathway_modulation,0,0.44680851063829785,12,28,752,0.0,1.0,0.0,1.0,1.0,ns
species,Ligusticum chuanxiong,additive_toxicity,0,0.2393617021276596,12,15,752,0.0,1.872258064516129,0.9047793039051446,1.0,1.0,ns
species,Ligusticum chuanxiong,receptor_antagonism,0,0.22340425531914893,12,14,752,0.0,2.004137931034483,1.0029818027305446,1.0,1.0,ns
species,Ligusticum chuanxiong,P-gp_induction,0,0.0797872340425532,12,5,752,0.0,5.349090909090909,2.419293722842808,1.0,1.0,ns
species,Ligusticum chuanxiong,UGT_induction,0,0.047872340425531915,12,3,752,0.0,8.428571428571429,3.0752881273042374,1.0,1.0,ns
species,Ligusticum chuanxiong,antagonistic_efficacy,0,0.047872340425531915,12,3,752,0.0,8.428571428571429,3.0752881273042374,1.0,1.0,ns
species,Ligusticum chuanxiong,protein_binding_displacement,0,0.015957446808510637,12,1,752,0.0,19.72,4.301587646603187,1.0,1.0,ns
species,Aconitum carmichaelii,CYP_inhibition,3,3.127659574468085,12,196,752,0.9447322970639033,1.0424316605467157,0.05995280695814411,1.0,1.0,ns
species,Aconitum carmichaelii,synergistic_efficacy,0,0.8936170212765957,12,56,752,0.0,0.48460176991150444,-1.0451284209320129,1.0,1.0,ns
species,Aconitum carmichaelii,transporter_modulation,0,0.75,12,47,752,0.0,0.584,-0.77595972578207,1.0,1.0,ns
species,Aconitum carmichaelii,UGT_inhibition,0,0.6542553191489362,12,41,752,0.0,0.6742168674698795,-0.5687153739568961,1.0,1.0,ns
species,Aconitum carmichaelii,signaling_pathway_modulation,0,0.44680851063829785,12,28,752,0.0,1.0,0.0,1.0,1.0,ns
species,Aconitum carmichaelii,additive_toxicity,0,0.2393617021276596,12,15,752,0.0,1.872258064516129,0.9047793039051446,1.0,1.0,ns
species,Aconitum carmichaelii,receptor_antagonism,0,0.22340425531914893,12,14,752,0.0,2.004137931034483,1.0029818027305446,1.0,1.0,ns
species,Aconitum carmichaelii,P-gp_induction,0,0.0797872340425532,12,5,752,0.0,5.349090909090909,2.419293722842808,1.0,1.0,ns
species,Aconitum carmichaelii,UGT_induction,0,0.047872340425531915,12,3,752,0.0,8.428571428571429,3.0752881273042374,1.0,1.0,ns
species,Aconitum carmichaelii,antagonistic_efficacy,0,0.047872340425531915,12,3,752,0.0,8.428571428571429,3.0752881273042374,1.0,1.0,ns
species,Aconitum carmichaelii,protein_binding_displacement,0,0.015957446808510637,12,1,752,0.0,19.72,4.301587646603187,1.0,1.0,ns
species,Piper nigrum,CYP_induction,1,1.8138297872340425,11,124,752,0.5024390243902439,0.7154424522845575,-0.48309236866591215,1.0,1.0,ns
species,Piper nigrum,synergistic_efficacy,0,0.8191489361702128,11,56,752,0.0,0.5275105809926895,-0.9227280626929746,1.0,1.0,ns
species,Piper nigrum,absorption_alteration,0,0.6875,11,47,752,0.0,0.6356979405034325,-0.6535866804065681,1.0,1.0,ns
species,Piper nigrum,transporter_modulation,0,0.6875,11,47,752,0.0,0.6356979405034325,-0.6535866804065681,1.0,1.0,ns
species,Piper nigrum,UGT_inhibition,0,0.5997340425531915,11,41,752,0.0,0.7338920900995285,-0.44636014697311965,1.0,1.0,ns
species,Piper nigrum,organ_toxicity_modulation,0,0.4242021276595745,11,29,752,0.0,1.0501105379513633,0.07054119852061229,1.0,1.0,ns
species,Piper nigrum,signaling_pathway_modulation,0,0.4095744680851064,11,28,752,0.0,1.0884820747520976,0.12231764925400883,1.0,1.0,ns
species,Piper nigrum,additive_toxicity,0,0.21941489361702127,11,15,752,0.0,2.037868162692847,1.0270607211889533,1.0,1.0,ns
species,Piper nigrum,receptor_antagonism,0,0.2047872340425532,11,14,752,0.0,2.181409295352324,1.1252604866110612,1.0,1.0,ns
species,Piper nigrum,P-gp_induction,0,0.07313829787234043,11,5,752,0.0,5.822134387351778,2.541548140341539,1.0,1.0,ns
species,Piper nigrum,UGT_induction,0,0.043882978723404256,11,3,752,0.0,9.173913043478262,3.1975372326501725,1.0,1.0,ns
species,Piper nigrum,antagonistic_efficacy,0,0.043882978723404256,11,3,752,0.0,9.173913043478262,3.1975372326501725,1.0,1.0,ns
species,Piper nigrum,protein_binding_displacement,0,0.014627659574468085,11,1,752,0.0,21.463768115942027,4.423831468510679,1.0,1.0,ns
species,Phyllanthus amarus,CYP_induction,1,1.8138297872340425,11,124,752,0.5024390243902439,0.7154424522845575,-0.48309236866591215,1.0,1.0,ns
species,Phyllanthus amarus,receptor_synergism,1,1.4042553191489362,11,96,752,0.68,0.9670905011219147,-0.04827719028309846,1.0,1.0,ns
species,Phyllanthus amarus,P-gp_inhibition,0,0.6875,11,47,752,0.0,0.6356979405034325,-0.6535866804065681,1.0,1.0,ns
species,Phyllanthus amarus,absorption_alteration,0,0.6875,11,47,752,0.0,0.6356979405034325,-0.6535866804065681,1.0,1.0,ns
species,Phyllanthus amarus,transporter_modulation,0,0.6875,11,47,752,0.0,0.6356979405034325,-0.6535866804065681,1.0,1.0,ns
species,Phyllanthus amarus,UGT_inhibition,0,0.5997340425531915,11,41,752,0.0,0.7338920900995285,-0.44636014697311965,1.0,1.0,ns
species,Phyllanthus amarus,organ_toxicity_modulation,0,0.4242021276595745,11,29,752,0.0,1.0501105379513633,0.07054119852061229,1.0,1.0,ns
species,Phyllanthus amarus,signaling_pathway_modulation,0,0.4095744680851064,11,28,752,0.0,1.0884820747520976,0.12231764925400883,1.0,1.0,ns
species,Phyllanthus amarus,additive_toxicity,0,0.21941489361702127,11,15,752,0.0,2.037868162692847,1.0270607211889533,1.0,1.0,ns
species,Phyllanthus amarus,receptor_antagonism,0,0.2047872340425532,11,14,752,0.0,2.181409295352324,1.1252604866110612,1.0,1.0,ns
species,Phyllanthus amarus,P-gp_induction,0,0.07313829787234043,11,5,752,0.0,5.822134387351778,2.541548140341539,1.0,1.0,ns
species,Phyllanthus amarus,UGT_induction,0,0.043882978723404256,11,3,752,0.0,9.173913043478262,3.1975372326501725,1.0,1.0,ns
species,Phyllanthus amarus,antagonistic_efficacy,0,0.043882978723404256,11,3,752,0.0,9.173913043478262,3.1975372326501725,1.0,1.0,ns
species,Phyllanthus amarus,protein_binding_displacement,0,0.014627659574468085,11,1,752,0.0,21.463768115942027,4.423831468510679,1.0,1.0,ns
species,Angelica sinensis,receptor_synergism,1,1.4042553191489362,11,96,752,0.68,0.9670905011219147,-0.04827719028309846,1.0,1.0,ns
species,Angelica sinensis,synergistic_efficacy,0,0.8191489361702128,11,56,752,0.0,0.5275105809926895,-0.9227280626929746,1.0,1.0,ns
species,Angelica sinensis,P-gp_inhibition,0,0.6875,11,47,752,0.0,0.6356979405034325,-0.6535866804065681,1.0,1.0,ns
species,Angelica sinensis,transporter_modulation,0,0.6875,11,47,752,0.0,0.6356979405034325,-0.6535866804065681,1.0,1.0,ns
species,Angelica sinensis,UGT_inhibition,0,0.5997340425531915,11,41,752,0.0,0.7338920900995285,-0.44636014697311965,1.0,1.0,ns
species,Angelica sinensis,organ_toxicity_modulation,0,0.4242021276595745,11,29,752,0.0,1.0501105379513633,0.07054119852061229,1.0,1.0,ns
species,Angelica sinensis,signaling_pathway_modulation,0,0.4095744680851064,11,28,752,0.0,1.0884820747520976,0.12231764925400883,1.0,1.0,ns
species,Angelica sinensis,P-gp_induction,0,0.07313829787234043,11,5,752,0.0,5.822134387351778,2.541548140341539,1.0,1.0,ns
species,Angelica sinensis,UGT_induction,0,0.043882978723404256,11,3,752,0.0,9.173913043478262,3.1975372326501725,1.0,1.0,ns
species,Angelica sinensis,antagonistic_efficacy,0,0.043882978723404256,11,3,752,0.0,9.173913043478262,3.1975372326501725,1.0,1.0,ns
species,Angelica sinensis,protein_binding_displacement,0,0.014627659574468085,11,1,752,0.0,21.463768115942027,4.423831468510679,1.0,1.0,ns
species,Allium sativum,P-gp_inhibition,0,0.625,10,47,752,0.0,0.6972431077694236,-0.5202663265674691,1.0,1.0,ns
species,Allium sativum,UGT_inhibition,0,0.5452127659574468,10,41,752,0.0,0.8049340218014917,-0.3130575605057859,1.0,1.0,ns
species,Allium sativum,organ_toxicity_modulation,0,0.38563829787234044,10,29,752,0.0,1.1517352703793382,0.20380914733516195,1.0,1.0,ns
species,Allium sativum,receptor_antagonism,0,0.18617021276595744,10,14,752,0.0,2.3924466338259442,1.2584867441581802,1.0,1.0,ns
species,Allium sativum,UGT_induction,0,0.0398936170212766,10,3,752,0.0,10.061224489795919,3.3307339922627035,1.0,1.0,ns
species,Allium sativum,antagonistic_efficacy,0,0.0398936170212766,10,3,752,0.0,10.061224489795919,3.3307339922627035,1.0,1.0,ns
species,Allium sativum,protein_binding_displacement,0,0.013297872340425532,10,1,752,0.0,23.53968253968254,4.557022958954714,1.0,1.0,ns
species,Marsdenia tenacissima,P-gp_inhibition,0,0.625,10,47,752,0.0,0.6972431077694236,-0.5202663265674691,1.0,1.0,ns
species,Marsdenia tenacissima,absorption_alteration,0,0.625,10,47,752,0.0,0.6972431077694236,-0.5202663265674691,1.0,1.0,ns
species,Marsdenia tenacissima,UGT_inhibition,0,0.5452127659574468,10,41,752,0.0,0.8049340218014917,-0.3130575605057859,1.0,1.0,ns
species,Marsdenia tenacissima,organ_toxicity_modulation,0,0.38563829787234044,10,29,752,0.0,1.1517352703793382,0.20380914733516195,1.0,1.0,ns
species,Marsdenia tenacissima,additive_toxicity,0,0.19946808510638298,10,15,752,0.0,2.2350230414746544,1.1602897046300107,1.0,1.0,ns
species,Marsdenia tenacissima,receptor_antagonism,0,0.18617021276595744,10,14,752,0.0,2.3924466338259442,1.2584867441581802,1.0,1.0,ns
species,Marsdenia tenacissima,P-gp_induction,0,0.06648936170212766,10,5,752,0.0,6.3852813852813854,2.6747501977205084,1.0,1.0,ns
species,Marsdenia tenacissima,UGT_induction,0,0.0398936170212766,10,3,752,0.0,10.061224489795919,3.3307339922627035,1.0,1.0,ns
species,Marsdenia tenacissima,antagonistic_efficacy,0,0.0398936170212766,10,3,752,0.0,10.061224489795919,3.3307339922627035,1.0,1.0,ns
species,Marsdenia tenacissima,protein_binding_displacement,0,0.013297872340425532,10,1,752,0.0,23.53968253968254,4.557022958954714,1.0,1.0,ns
species,Bufo_bufo_gargarizans,CYP_inhibition,2,2.606382978723404,10,196,752,0.7061855670103093,0.8294268864358083,-0.269813280945976,1.0,1.0,ns
species,Bufo_bufo_gargarizans,synergistic_efficacy,0,0.7446808510638298,10,56,752,0.0,0.5785924989464812,-0.7893804750468474,1.0,1.0,ns
species,Bufo_bufo_gargarizans,absorption_alteration,0,0.625,10,47,752,0.0,0.6972431077694236,-0.5202663265674691,1.0,1.0,ns
species,Bufo_bufo_gargarizans,transporter_modulation,0,0.625,10,47,752,0.0,0.6972431077694236,-0.5202663265674691,1.0,1.0,ns
species,Bufo_bufo_gargarizans,UGT_inhibition,0,0.5452127659574468,10,41,752,0.0,0.8049340218014917,-0.3130575605057859,1.0,1.0,ns
species,Bufo_bufo_gargarizans,organ_toxicity_modulation,0,0.38563829787234044,10,29,752,0.0,1.1517352703793382,0.20380914733516195,1.0,1.0,ns
species,Bufo_bufo_gargarizans,signaling_pathway_modulation,0,0.3723404255319149,10,28,752,0.0,1.1938178780284043,0.2555827641523145,1.0,1.0,ns
species,Bufo_bufo_gargarizans,additive_toxicity,0,0.19946808510638298,10,15,752,0.0,2.2350230414746544,1.1602897046300107,1.0,1.0,ns
species,Bufo_bufo_gargarizans,P-gp_induction,0,0.06648936170212766,10,5,752,0.0,6.3852813852813854,2.6747501977205084,1.0,1.0,ns
species,Bufo_bufo_gargarizans,UGT_induction,0,0.0398936170212766,10,3,752,0.0,10.061224489795919,3.3307339922627035,1.0,1.0,ns
species,Bufo_bufo_gargarizans,antagonistic_efficacy,0,0.0398936170212766,10,3,752,0.0,10.061224489795919,3.3307339922627035,1.0,1.0,ns
species,Bufo_bufo_gargarizans,protein_binding_displacement,0,0.013297872340425532,10,1,752,0.0,23.53968253968254,4.557022958954714,1.0,1.0,ns
species,Tetradium ruticarpum,CYP_induction,1,1.648936170212766,10,124,752,0.5591689250225835,0.792030683997443,-0.3363717721665054,1.0,1.0,ns
species,Tetradium ruticarpum,synergistic_efficacy,0,0.7446808510638298,10,56,752,0.0,0.5785924989464812,-0.7893804750468474,1.0,1.0,ns
species,Tetradium ruticarpum,P-gp_inhibition,0,0.625,10,47,752,0.0,0.6972431077694236,-0.5202663265674691,1.0,1.0,ns
species,Tetradium ruticarpum,UGT_inhibition,0,0.5452127659574468,10,41,752,0.0,0.8049340218014917,-0.3130575605057859,1.0,1.0,ns
species,Tetradium ruticarpum,signaling_pathway_modulation,0,0.3723404255319149,10,28,752,0.0,1.1938178780284043,0.2555827641523145,1.0,1.0,ns
species,Tetradium ruticarpum,additive_toxicity,0,0.19946808510638298,10,15,752,0.0,2.2350230414746544,1.1602897046300107,1.0,1.0,ns
species,Tetradium ruticarpum,receptor_antagonism,0,0.18617021276595744,10,14,752,0.0,2.3924466338259442,1.2584867441581802,1.0,1.0,ns
species,Tetradium ruticarpum,P-gp_induction,0,0.06648936170212766,10,5,752,0.0,6.3852813852813854,2.6747501977205084,1.0,1.0,ns
species,Tetradium ruticarpum,antagonistic_efficacy,0,0.0398936170212766,10,3,752,0.0,10.061224489795919,3.3307339922627035,1.0,1.0,ns
species,Tetradium ruticarpum,protein_binding_displacement,0,0.013297872340425532,10,1,752,0.0,23.53968253968254,4.557022958954714,1.0,1.0,ns
