tier,herb_active_compound,mechanism,obs,expected,row_total,col_total,N_tier,OR_raw,OR_ha,log2_OR_ha,p,q,classification
compound,hyperforin,CYP_induction,12,2.6559139784946235,19,26,186,18.73469387755102,17.64367816091954,4.141079444408813,1.1286332910711197e-07,3.893784854195363e-05,strong_enrichment
compound,triptolide,receptor_synergism,5,0.9032258064516129,6,28,186,34.130434782608695,24.574468085106382,4.619088284625782,0.0003000281993548579,0.05175486438871299,ns
compound,schisantherin A,CYP_inhibition,5,1.1559139784946237,5,43,186,inf,41.0,5.357552004618084,0.0005477737641534113,0.054675785593318774,ns
compound,wogonin,UGT_inhibition,4,0.5268817204301075,7,14,186,22.533333333333335,20.755102040816325,4.375394119742292,0.0006339221518065945,0.054675785593318774,ns
compound,quercetin,signaling_pathway_modulation,3,0.2903225806451613,6,9,186,29.0,26.846153846153847,4.74664350806856,0.0014771736158793686,0.09357744841615809,ns
compound,glycyrrhizin,UGT_induction,2,0.08602150537634409,8,2,186,inf,137.30769230769232,7.10126864077537,0.0016274338854984016,0.09357744841615809,ns
compound,curcumin,antagonistic_efficacy,2,0.0967741935483871,9,2,186,inf,118.33333333333333,6.886712713670888,0.0020924149956408023,0.10312616764229669,ns
compound,icariin,receptor_synergism,4,0.9032258064516129,6,28,186,13.0,11.49795918367347,3.52330590937236,0.005090514497756382,0.21952843771574398,ns
compound,glycyrrhetinic acid,UGT_inhibition,3,0.5268817204301075,7,14,186,11.454545454545455,11.396135265700483,3.5104727457401372,0.010035587931211698,0.3488281014883619,ns
compound,paeoniflorin,transporter_modulation,3,0.532258064516129,9,11,186,10.5625,10.737556561085972,3.4245938258025164,0.010742190993681408,0.3488281014883619,ns
compound,andrographolide,CYP_inhibition,6,2.3118279569892475,10,43,186,5.635135135135135,5.373333333333333,2.425817338032086,0.011122055409773858,0.3488281014883619,ns
compound,glycyrrhizic acid,organ_toxicity_modulation,2,0.1935483870967742,6,6,186,22.0,21.790123456790123,4.445602465273918,0.012333372244213296,0.35458445202113226,ns
compound,curcumin,synergistic_efficacy,3,0.5806451612903226,9,12,186,9.333333333333334,9.550607287449393,3.255592471654785,0.013963257367357628,0.3705633685952601,ns
compound,evodiamine,transporter_modulation,2,0.2956989247311828,5,11,186,12.74074074074074,12.969924812030076,3.697098211051704,0.02894168183984936,0.7132057310534308,ns
compound,berberine,absorption_alteration,4,1.4193548387096775,24,11,186,4.428571428571429,4.5512195121951216,2.1862531713463125,0.03812339636726874,0.8220357341692321,ns
compound,berberine,transporter_modulation,4,1.4193548387096775,24,11,186,4.428571428571429,4.5512195121951216,2.1862531713463125,0.03812339636726874,0.8220357341692321,ns
compound,cryptotanshinone,P-gp_inhibition,2,0.3763440860215054,5,14,186,9.38888888888889,9.685714285714285,3.275858446191377,0.04629915593748855,0.9396005175549146,ns
compound,astragaloside IV,synergistic_efficacy,2,0.3870967741935484,6,12,186,8.5,9.02116402116402,3.173313599690462,0.04965274539555432,0.9516776200814577,ns
compound,icariin,UGT_inhibition,2,0.45161290322580644,6,14,186,7.0,7.488888888888889,2.904751684852184,0.06644558260764231,1.0,ns
compound,astragaloside IV,UGT_inhibition,2,0.45161290322580644,6,14,186,7.0,7.488888888888889,2.904751684852184,0.06644558260764231,1.0,ns
compound,hyperforin,receptor_synergism,0,2.860215053763441,19,28,186,0.0,0.12550607287449392,-2.9941709211978025,0.08269555379060192,1.0,ns
compound,honokiol,absorption_alteration,2,0.532258064516129,9,11,186,5.333333333333333,5.912280701754386,2.563714767017117,0.09126885033558697,1.0,ns
compound,paeoniflorin,absorption_alteration,2,0.532258064516129,9,11,186,5.333333333333333,5.912280701754386,2.563714767017117,0.09126885033558697,1.0,ns
compound,paeoniflorin,receptor_antagonism,1,0.0967741935483871,9,2,186,22.0,20.764705882352942,4.376061532020841,0.09468177855274632,1.0,ns
compound,puerarin,receptor_antagonism,1,0.10752688172043011,10,2,186,19.444444444444443,18.473684210526315,4.207399706860975,0.10491136297587911,1.0,ns
compound,honokiol,synergistic_efficacy,2,0.5806451612903226,9,12,186,4.771428571428571,5.317460317460317,2.4107373618452184,0.10672996892923285,1.0,ns
compound,paeoniflorin,CYP_inhibition,0,2.0806451612903225,9,43,186,0.0,0.16273442226255294,-2.6194086467356894,0.12040225999987002,1.0,ns
compound,emodin,additive_toxicity,1,0.12903225806451613,6,4,186,11.8,13.831168831168831,3.7898511744182994,0.12387672200745568,1.0,ns
compound,astragaloside IV,additive_toxicity,1,0.12903225806451613,6,4,186,11.8,13.831168831168831,3.7898511744182994,0.12387672200745568,1.0,ns
compound,honokiol,P-gp_inhibition,2,0.6774193548387096,9,14,186,3.9285714285714284,4.413333333333333,2.1418687163113366,0.13974564536558545,1.0,ns
compound,paeoniflorin,P-gp_inhibition,2,0.6774193548387096,9,14,186,3.9285714285714284,4.413333333333333,2.1418687163113366,0.13974564536558545,1.0,ns
compound,cryptotanshinone,CYP_induction,2,0.6989247311827957,5,26,186,4.361111111111111,4.591836734693878,2.199071347101829,0.1441160031048059,1.0,ns
compound,evodiamine,organ_toxicity_modulation,1,0.16129032258064516,5,6,186,8.8,10.696969696969697,3.419130253912727,0.15275990699622083,1.0,ns
compound,puerarin,P-gp_inhibition,2,0.7526881720430108,10,14,186,3.4166666666666665,3.8705882352941177,1.9525528375975398,0.16719736235158128,1.0,ns
compound,andrographolide,UGT_inhibition,2,0.7526881720430108,10,14,186,3.4166666666666665,3.8705882352941177,1.9525528375975398,0.16719736235158128,1.0,ns
compound,quercetin,organ_toxicity_modulation,1,0.1935483870967742,6,6,186,7.0,8.702479338842975,3.1214264837511223,0.18084521394662242,1.0,ns
compound,curcumin,additive_toxicity,1,0.1935483870967742,9,4,186,7.25,8.798319327731093,3.137227963622865,0.18130969817448103,1.0,ns
compound,hyperforin,P-gp_induction,1,0.20430107526881722,19,2,186,9.222222222222221,9.0,3.169925001442312,0.19436210403952336,1.0,ns
compound,emodin,CYP_induction,2,0.8387096774193549,6,26,186,3.25,3.54875283446712,1.82731209626246,0.1978505584096272,1.0,ns
compound,salvianolic acid B,CYP_induction,2,0.8387096774193549,6,26,186,3.25,3.54875283446712,1.82731209626246,0.1978505584096272,1.0,ns
compound,puerarin,additive_toxicity,1,0.21505376344086022,10,4,186,6.407407407407407,7.827067669172933,2.9684719177982277,0.19981117392195039,1.0,ns
compound,glycyrrhetinic acid,CYP_inhibition,3,1.618279569892473,7,43,186,2.60625,2.6790123456790123,1.4217012295598546,0.2022387294398901,1.0,ns
compound,berberine,CYP_induction,1,3.3548387096774195,24,26,186,0.2382608695652174,0.344180225281602,-1.5387638845159548,0.20786370747481742,1.0,ns
compound,berberine,P-gp_inhibition,0,1.8064516129032258,24,14,186,0.0,0.20900774102744546,-2.2583717184420147,0.2216670079885707,1.0,ns
compound,berberine,UGT_inhibition,0,1.8064516129032258,24,14,186,0.0,0.20900774102744546,-2.2583717184420147,0.2216670079885707,1.0,ns
compound,tanshinone IIA,receptor_synergism,2,0.9032258064516129,6,28,186,2.9615384615384617,3.238993710691824,1.6955456667862254,0.22315345080099375,1.0,ns
compound,Astragaloside IV,receptor_synergism,2,0.9032258064516129,6,28,186,2.9615384615384617,3.238993710691824,1.6955456667862254,0.22315345080099375,1.0,ns
compound,glycyrrhizin,organ_toxicity_modulation,1,0.25806451612903225,8,6,186,4.942857142857143,6.3090909090909095,2.6574321390536015,0.23469281906335285,1.0,ns
compound,berberine,P-gp_induction,1,0.25806451612903225,24,2,186,7.0,6.872340425531915,2.7808015030162876,0.24202266782911946,1.0,ns
compound,emodin,signaling_pathway_modulation,1,0.2903225806451613,6,9,186,4.3,5.53475935828877,2.468520592499051,0.2604896903308803,1.0,ns
compound,Astragaloside IV,signaling_pathway_modulation,1,0.2903225806451613,6,9,186,4.3,5.53475935828877,2.468520592499051,0.2604896903308803,1.0,ns
compound,magnolol,absorption_alteration,1,0.2956989247311828,5,11,186,4.275,5.444444444444445,2.4447848426728958,0.2652611840469657,1.0,ns
compound,wogonin,signaling_pathway_modulation,1,0.3387096774193548,7,9,186,3.5625,4.656108597285068,2.219124707502537,0.2974652058143363,1.0,ns
compound,glycyrrhizic acid,absorption_alteration,1,0.3548387096774194,6,11,186,3.4,4.428571428571429,2.146841388329271,0.3099138192706309,1.0,ns
compound,glycyrrhizin,CYP_induction,2,1.118279569892473,8,26,186,2.138888888888889,2.425431711145997,1.2782415605354365,0.31019080151878325,1.0,ns
compound,magnolol,UGT_inhibition,1,0.3763440860215054,5,14,186,3.230769230769231,4.160493827160494,2.0567547782972335,0.3267994041911684,1.0,ns
compound,magnolol,CYP_inhibition,2,1.1559139784946237,5,43,186,2.2764227642276422,2.4182444061962136,1.2739600617037596,0.3271010992138531,1.0,ns
compound,berberine,signaling_pathway_modulation,2,1.1612903225806452,24,9,186,2.012987012987013,2.303703703703704,1.2039551730797717,0.327296525363538,1.0,ns
compound,tanshinone IIA,synergistic_efficacy,1,0.3870967741935484,6,12,186,3.0727272727272728,4.019762845849803,2.00711038916319,0.3335739168956377,1.0,ns
compound,triptolide,synergistic_efficacy,1,0.3870967741935484,6,12,186,3.0727272727272728,4.019762845849803,2.00711038916319,0.3335739168956377,1.0,ns
compound,Astragaloside IV,synergistic_efficacy,1,0.3870967741935484,6,12,186,3.0727272727272728,4.019762845849803,2.00711038916319,0.3335739168956377,1.0,ns
compound,icariin,CYP_inhibition,0,1.3870967741935485,6,43,186,0.0,0.24314765694076038,-2.0400954055777984,0.3388842338188731,1.0,ns
compound,triptolide,CYP_inhibition,0,1.3870967741935485,6,43,186,0.0,0.24314765694076038,-2.0400954055777984,0.3388842338188731,1.0,ns
compound,wogonin,CYP_inhibition,0,1.618279569892473,7,43,186,0.0,0.20919540229885059,-2.257076950537394,0.35556265524256814,1.0,ns
compound,curcumin,receptor_synergism,0,1.3548387096774193,9,28,186,0.0,0.2760849492151431,-1.8568158534102224,0.35949873216415584,1.0,ns
compound,honokiol,CYP_induction,0,1.2580645161290323,9,26,186,0.0,0.30089374379344586,-1.732673984533834,0.36446692756567295,1.0,ns
compound,paeoniflorin,CYP_induction,0,1.2580645161290323,9,26,186,0.0,0.30089374379344586,-1.732673984533834,0.36446692756567295,1.0,ns
compound,curcumin,CYP_induction,0,1.2580645161290323,9,26,186,0.0,0.30089374379344586,-1.732673984533834,0.36446692756567295,1.0,ns
compound,hyperforin,P-gp_inhibition,0,1.4301075268817205,19,14,186,0.0,0.27144120247568526,-1.8812883686196409,0.36764433887456505,1.0,ns
compound,hyperforin,UGT_inhibition,0,1.4301075268817205,19,14,186,0.0,0.27144120247568526,-1.8812883686196409,0.36764433887456505,1.0,ns
compound,berberine,synergistic_efficacy,0,1.5483870967741935,24,12,186,0.0,0.24571428571428572,-2.0249463571302306,0.36972830623552266,1.0,ns
compound,berberine,receptor_synergism,5,3.6129032258064515,24,28,186,1.5903890160183067,1.67430441898527,0.7435618599265991,0.37030815587549976,1.0,ns
compound,wogonin,synergistic_efficacy,1,0.45161290322580644,7,12,186,2.5454545454545454,3.3812709030100336,1.7575656077049098,0.3780023224359284,1.0,ns
compound,glycyrrhizic acid,P-gp_inhibition,1,0.45161290322580644,6,14,186,2.5692307692307694,3.3838383838383836,1.758660665265525,0.37887016850787364,1.0,ns
compound,salvianolic acid B,P-gp_inhibition,1,0.45161290322580644,6,14,186,2.5692307692307694,3.3838383838383836,1.758660665265525,0.37887016850787364,1.0,ns
compound,tanshinone IIA,P-gp_inhibition,1,0.45161290322580644,6,14,186,2.5692307692307694,3.3838383838383836,1.758660665265525,0.37887016850787364,1.0,ns
compound,Astragaloside IV,P-gp_inhibition,1,0.45161290322580644,6,14,186,2.5692307692307694,3.3838383838383836,1.758660665265525,0.37887016850787364,1.0,ns
compound,glycyrrhizin,absorption_alteration,1,0.4731182795698925,8,11,186,2.4,3.2095238095238097,1.6823592635157358,0.391901711878701,1.0,ns
compound,glycyrrhizin,transporter_modulation,1,0.4731182795698925,8,11,186,2.4,3.2095238095238097,1.6823592635157358,0.391901711878701,1.0,ns
compound,puerarin,signaling_pathway_modulation,1,0.4838709677419355,10,9,186,2.3333333333333335,3.130030959752322,1.6461769272090898,0.39873427691377183,1.0,ns
compound,wogonin,P-gp_inhibition,1,0.5268817204301075,7,14,186,2.128205128205128,2.8461538461538463,1.5090136474878577,0.42718026651281676,1.0,ns
compound,puerarin,synergistic_efficacy,1,0.6451612903225806,10,12,186,1.6666666666666667,2.272311212814645,1.1841604380277755,0.49551185304490264,1.0,ns
compound,curcumin,P-gp_inhibition,1,0.6774193548387096,9,14,186,1.5769230769230769,2.150326797385621,1.1045559310425896,0.5135113304826069,1.0,ns
compound,magnolol,CYP_induction,1,0.6989247311827957,5,26,186,1.56,2.045751633986928,1.0326310042399665,0.5331541835117123,1.0,ns
compound,evodiamine,receptor_synergism,1,0.7526881720430108,5,28,186,1.4259259259259258,1.8727272727272728,0.9051408136585588,0.5619650298909029,1.0,ns
compound,cryptotanshinone,receptor_synergism,1,0.7526881720430108,5,28,186,1.4259259259259258,1.8727272727272728,0.9051408136585588,0.5619650298909029,1.0,ns
compound,berberine,organ_toxicity_modulation,1,0.7741935483870968,24,6,186,1.3652173913043477,1.827852998065764,0.8701500487935004,0.5687677933968155,1.0,ns
compound,cryptotanshinone,CYP_inhibition,0,1.1559139784946237,5,43,186,0.0,0.2894461859979101,-1.7886329484368373,0.5913184642118035,1.0,ns
compound,emodin,receptor_synergism,0,0.9032258064516129,6,28,186,0.0,0.4116059379217274,-1.2806642998555853,0.5934261050921089,1.0,ns
compound,astragaloside IV,receptor_synergism,0,0.9032258064516129,6,28,186,0.0,0.4116059379217274,-1.2806642998555853,0.5934261050921089,1.0,ns
compound,wogonin,CYP_induction,0,0.978494623655914,7,26,186,0.0,0.38616352201257864,-1.3727162048015382,0.5957728519602639,1.0,ns
compound,wogonin,receptor_synergism,0,1.053763440860215,7,28,186,0.0,0.3543859649122807,-1.4966066263003093,0.5968142208830081,1.0,ns
compound,glycyrrhetinic acid,receptor_synergism,0,1.053763440860215,7,28,186,0.0,0.3543859649122807,-1.4966066263003093,0.5968142208830081,1.0,ns
compound,glycyrrhizic acid,CYP_induction,0,0.8387096774193549,6,26,186,0.0,0.44847605224963716,-1.1568971447999168,0.5976356498774978,1.0,ns
compound,icariin,CYP_induction,0,0.8387096774193549,6,26,186,0.0,0.44847605224963716,-1.1568971447999168,0.5976356498774978,1.0,ns
compound,astragaloside IV,CYP_induction,0,0.8387096774193549,6,26,186,0.0,0.44847605224963716,-1.1568971447999168,0.5976356498774978,1.0,ns
compound,quercetin,CYP_induction,0,0.8387096774193549,6,26,186,0.0,0.44847605224963716,-1.1568971447999168,0.5976356498774978,1.0,ns
compound,triptolide,CYP_induction,0,0.8387096774193549,6,26,186,0.0,0.44847605224963716,-1.1568971447999168,0.5976356498774978,1.0,ns
compound,Astragaloside IV,CYP_induction,0,0.8387096774193549,6,26,186,0.0,0.44847605224963716,-1.1568971447999168,0.5976356498774978,1.0,ns
compound,hyperforin,signaling_pathway_modulation,0,0.9193548387096774,19,9,186,0.0,0.42780026990553305,-1.2249907021664266,0.6013903091771906,1.0,ns
compound,hyperforin,absorption_alteration,0,1.1236559139784945,19,11,186,0.0,0.34894091415830547,-1.518945327986643,0.6071142242290245,1.0,ns
compound,glycyrrhizin,receptor_synergism,0,1.2043010752688172,8,28,186,0.0,0.3106295149638803,-1.686733178655379,0.6087199462041003,1.0,ns
compound,hyperforin,synergistic_efficacy,0,1.2258064516129032,19,12,186,0.0,0.318974358974359,-1.6484876385063705,0.6154821810116791,1.0,ns
compound,emodin,CYP_inhibition,2,1.3870967741935485,6,43,186,1.6951219512195121,1.8674698795180722,0.9010849739273127,0.6233807725443581,1.0,ns
compound,salvianolic acid B,CYP_inhibition,2,1.3870967741935485,6,43,186,1.6951219512195121,1.8674698795180722,0.9010849739273127,0.6233807725443581,1.0,ns
compound,honokiol,receptor_synergism,2,1.3548387096774193,9,28,186,1.6593406593406594,1.9056603773584906,0.9302910281885955,0.6265803419180985,1.0,ns
compound,glycyrrhizin,CYP_inhibition,1,1.8494623655913978,8,43,186,0.46258503401360546,0.6423529411764706,-0.6385618901052117,0.683836223953439,1.0,ns
compound,honokiol,CYP_inhibition,1,2.0806451612903225,9,43,186,0.4017857142857143,0.5626297577854671,-0.8297422353130135,0.6871348829330579,1.0,ns
compound,hyperforin,CYP_inhibition,5,4.39247311827957,19,43,186,1.212406015037594,1.2758620689655173,0.3514723705013778,0.7749904940099925,1.0,ns
compound,berberine,CYP_inhibition,6,5.548387096774194,24,43,186,1.1261261261261262,1.1758558558558558,0.23371121596703348,0.798504291632953,1.0,ns
compound,berberine,additive_toxicity,0,0.5161290322580645,24,4,186,0.0,0.7188208616780045,-0.47629581541811333,1.0,1.0,ns
compound,berberine,UGT_induction,0,0.25806451612903225,24,2,186,0.0,1.310204081632653,0.3897915481197325,1.0,1.0,ns
compound,berberine,antagonistic_efficacy,0,0.25806451612903225,24,2,186,0.0,1.310204081632653,0.3897915481197325,1.0,1.0,ns
compound,berberine,receptor_antagonism,0,0.25806451612903225,24,2,186,0.0,1.310204081632653,0.3897915481197325,1.0,1.0,ns
compound,hyperforin,transporter_modulation,1,1.1236559139784945,19,11,186,0.8722222222222222,1.2162162162162162,0.28239973070072494,1.0,1.0,ns
compound,hyperforin,organ_toxicity_modulation,0,0.6129032258064516,19,6,186,0.0,0.6370808678500987,-0.6504515823094156,1.0,1.0,ns
compound,hyperforin,additive_toxicity,0,0.40860215053763443,19,4,186,0.0,0.9316239316239316,-0.10218039480647813,1.0,1.0,ns
compound,hyperforin,UGT_induction,0,0.20430107526881722,19,2,186,0.0,1.6974358974358974,0.763357093057607,1.0,1.0,ns
compound,hyperforin,antagonistic_efficacy,0,0.20430107526881722,19,2,186,0.0,1.6974358974358974,0.763357093057607,1.0,1.0,ns
compound,hyperforin,receptor_antagonism,0,0.20430107526881722,19,2,186,0.0,1.6974358974358974,0.763357093057607,1.0,1.0,ns
compound,puerarin,CYP_inhibition,2,2.3118279569892475,10,43,186,0.823170731707317,0.9603118355776046,-0.058425136356030194,1.0,1.0,ns
compound,puerarin,receptor_synergism,1,1.5053763440860215,10,28,186,0.6131687242798354,0.8583732057416268,-0.2203230520489839,1.0,1.0,ns
compound,puerarin,CYP_induction,1,1.3978494623655915,10,26,186,0.6711111111111111,0.9380804953560371,-0.09221637122097406,1.0,1.0,ns
compound,puerarin,UGT_inhibition,0,0.7526881720430108,10,14,186,0.0,0.5336617405582923,-0.9060025099905156,1.0,1.0,ns
compound,puerarin,absorption_alteration,0,0.5913978494623656,10,11,186,0.0,0.6853002070393375,-0.5451919720285555,1.0,1.0,ns
compound,puerarin,transporter_modulation,0,0.5913978494623656,10,11,186,0.0,0.6853002070393375,-0.5451919720285555,1.0,1.0,ns
compound,puerarin,organ_toxicity_modulation,0,0.3225806451612903,10,6,186,0.0,1.249084249084249,0.32087078810432,1.0,1.0,ns
compound,puerarin,P-gp_induction,0,0.10752688172043011,10,2,186,0.0,3.323809523809524,1.7328377085435296,1.0,1.0,ns
compound,puerarin,UGT_induction,0,0.10752688172043011,10,2,186,0.0,3.323809523809524,1.7328377085435296,1.0,1.0,ns
compound,puerarin,antagonistic_efficacy,0,0.10752688172043011,10,2,186,0.0,3.323809523809524,1.7328377085435296,1.0,1.0,ns
compound,andrographolide,receptor_synergism,1,1.5053763440860215,10,28,186,0.6131687242798354,0.8583732057416268,-0.2203230520489839,1.0,1.0,ns
compound,andrographolide,CYP_induction,1,1.3978494623655915,10,26,186,0.6711111111111111,0.9380804953560371,-0.09221637122097406,1.0,1.0,ns
compound,andrographolide,P-gp_inhibition,0,0.7526881720430108,10,14,186,0.0,0.5336617405582923,-0.9060025099905156,1.0,1.0,ns
compound,andrographolide,synergistic_efficacy,0,0.6451612903225806,10,12,186,0.0,0.6266666666666667,-0.6742298388182434,1.0,1.0,ns
compound,andrographolide,absorption_alteration,0,0.5913978494623656,10,11,186,0.0,0.6853002070393375,-0.5451919720285555,1.0,1.0,ns
compound,andrographolide,transporter_modulation,0,0.5913978494623656,10,11,186,0.0,0.6853002070393375,-0.5451919720285555,1.0,1.0,ns
compound,andrographolide,signaling_pathway_modulation,0,0.4838709677419355,10,9,186,0.0,0.8395989974937343,-0.252227650877211,1.0,1.0,ns
compound,andrographolide,organ_toxicity_modulation,0,0.3225806451612903,10,6,186,0.0,1.249084249084249,0.32087078810432,1.0,1.0,ns
compound,andrographolide,additive_toxicity,0,0.21505376344086022,10,4,186,0.0,1.8253968253968254,0.8682101274444587,1.0,1.0,ns
compound,andrographolide,P-gp_induction,0,0.10752688172043011,10,2,186,0.0,3.323809523809524,1.7328377085435296,1.0,1.0,ns
compound,andrographolide,UGT_induction,0,0.10752688172043011,10,2,186,0.0,3.323809523809524,1.7328377085435296,1.0,1.0,ns
compound,andrographolide,antagonistic_efficacy,0,0.10752688172043011,10,2,186,0.0,3.323809523809524,1.7328377085435296,1.0,1.0,ns
compound,andrographolide,receptor_antagonism,0,0.10752688172043011,10,2,186,0.0,3.323809523809524,1.7328377085435296,1.0,1.0,ns
compound,honokiol,UGT_inhibition,0,0.6774193548387096,9,14,186,0.0,0.5934664246823956,-0.7527616830730751,1.0,1.0,ns
compound,honokiol,transporter_modulation,0,0.532258064516129,9,11,186,0.0,0.7620137299771167,-0.3921111024293362,1.0,1.0,ns
compound,honokiol,signaling_pathway_modulation,0,0.43548387096774194,9,9,186,0.0,0.9335180055401662,-0.09925024570531257,1.0,1.0,ns
compound,honokiol,organ_toxicity_modulation,0,0.2903225806451613,9,6,186,0.0,1.388663967611336,0.4736975345881346,1.0,1.0,ns
compound,honokiol,additive_toxicity,0,0.1935483870967742,9,4,186,0.0,2.0292397660818713,1.020939337692363,1.0,1.0,ns
compound,honokiol,P-gp_induction,0,0.0967741935483871,9,2,186,0.0,3.694736842105263,1.8854716119736128,1.0,1.0,ns
compound,honokiol,UGT_induction,0,0.0967741935483871,9,2,186,0.0,3.694736842105263,1.8854716119736128,1.0,1.0,ns
compound,honokiol,antagonistic_efficacy,0,0.0967741935483871,9,2,186,0.0,3.694736842105263,1.8854716119736128,1.0,1.0,ns
compound,honokiol,receptor_antagonism,0,0.0967741935483871,9,2,186,0.0,3.694736842105263,1.8854716119736128,1.0,1.0,ns
compound,paeoniflorin,receptor_synergism,1,1.3548387096774193,9,28,186,0.6944444444444444,0.9657754010695188,-0.05024037729414072,1.0,1.0,ns
compound,paeoniflorin,UGT_inhibition,0,0.6774193548387096,9,14,186,0.0,0.5934664246823956,-0.7527616830730751,1.0,1.0,ns
compound,paeoniflorin,synergistic_efficacy,0,0.5806451612903226,9,12,186,0.0,0.6968421052631579,-0.5210962964110925,1.0,1.0,ns
compound,paeoniflorin,signaling_pathway_modulation,0,0.43548387096774194,9,9,186,0.0,0.9335180055401662,-0.09925024570531257,1.0,1.0,ns
compound,paeoniflorin,organ_toxicity_modulation,0,0.2903225806451613,9,6,186,0.0,1.388663967611336,0.4736975345881346,1.0,1.0,ns
compound,paeoniflorin,additive_toxicity,0,0.1935483870967742,9,4,186,0.0,2.0292397660818713,1.020939337692363,1.0,1.0,ns
compound,paeoniflorin,P-gp_induction,0,0.0967741935483871,9,2,186,0.0,3.694736842105263,1.8854716119736128,1.0,1.0,ns
compound,paeoniflorin,UGT_induction,0,0.0967741935483871,9,2,186,0.0,3.694736842105263,1.8854716119736128,1.0,1.0,ns
compound,paeoniflorin,antagonistic_efficacy,0,0.0967741935483871,9,2,186,0.0,3.694736842105263,1.8854716119736128,1.0,1.0,ns
compound,curcumin,CYP_inhibition,2,2.0806451612903225,9,43,186,0.9477351916376306,1.0963855421686748,0.13275520885177164,1.0,1.0,ns
compound,curcumin,UGT_inhibition,0,0.6774193548387096,9,14,186,0.0,0.5934664246823956,-0.7527616830730751,1.0,1.0,ns
compound,curcumin,absorption_alteration,0,0.532258064516129,9,11,186,0.0,0.7620137299771167,-0.3921111024293362,1.0,1.0,ns
compound,curcumin,transporter_modulation,0,0.532258064516129,9,11,186,0.0,0.7620137299771167,-0.3921111024293362,1.0,1.0,ns
compound,curcumin,signaling_pathway_modulation,0,0.43548387096774194,9,9,186,0.0,0.9335180055401662,-0.09925024570531257,1.0,1.0,ns
compound,curcumin,organ_toxicity_modulation,0,0.2903225806451613,9,6,186,0.0,1.388663967611336,0.4736975345881346,1.0,1.0,ns
compound,curcumin,P-gp_induction,0,0.0967741935483871,9,2,186,0.0,3.694736842105263,1.8854716119736128,1.0,1.0,ns
compound,curcumin,UGT_induction,0,0.0967741935483871,9,2,186,0.0,3.694736842105263,1.8854716119736128,1.0,1.0,ns
compound,curcumin,receptor_antagonism,0,0.0967741935483871,9,2,186,0.0,3.694736842105263,1.8854716119736128,1.0,1.0,ns
compound,glycyrrhizin,P-gp_inhibition,0,0.6021505376344086,8,14,186,0.0,0.6673427991886409,-0.5835000626426702,1.0,1.0,ns
compound,glycyrrhizin,UGT_inhibition,0,0.6021505376344086,8,14,186,0.0,0.6673427991886409,-0.5835000626426702,1.0,1.0,ns
compound,glycyrrhizin,synergistic_efficacy,0,0.5161290322580645,8,12,186,0.0,0.7835294117647059,-0.3519406639538019,1.0,1.0,ns
compound,glycyrrhizin,signaling_pathway_modulation,0,0.3870967741935484,8,9,186,0.0,1.0495356037151702,0.06975110844241886,1.0,1.0,ns
compound,glycyrrhizin,additive_toxicity,0,0.17204301075268819,8,4,186,0.0,2.281045751633987,1.1896953835170003,1.0,1.0,ns
compound,glycyrrhizin,P-gp_induction,0,0.08602150537634409,8,2,186,0.0,4.152941176470589,2.0541334371334785,1.0,1.0,ns
compound,glycyrrhizin,antagonistic_efficacy,0,0.08602150537634409,8,2,186,0.0,4.152941176470589,2.0541334371334785,1.0,1.0,ns
compound,glycyrrhizin,receptor_antagonism,0,0.08602150537634409,8,2,186,0.0,4.152941176470589,2.0541334371334785,1.0,1.0,ns
compound,wogonin,absorption_alteration,0,0.41397849462365593,7,11,186,0.0,0.9768115942028985,-0.033847770483672955,1.0,1.0,ns
compound,wogonin,transporter_modulation,0,0.41397849462365593,7,11,186,0.0,0.9768115942028985,-0.033847770483672955,1.0,1.0,ns
compound,wogonin,organ_toxicity_modulation,0,0.22580645161290322,7,6,186,0.0,1.7794871794871794,0.8314615388286501,1.0,1.0,ns
compound,wogonin,additive_toxicity,0,0.15053763440860216,7,4,186,0.0,2.6,1.3785116232537298,1.0,1.0,ns
compound,wogonin,P-gp_induction,0,0.07526881720430108,7,2,186,0.0,4.733333333333333,2.2428565238961635,1.0,1.0,ns
compound,wogonin,UGT_induction,0,0.07526881720430108,7,2,186,0.0,4.733333333333333,2.2428565238961635,1.0,1.0,ns
compound,wogonin,antagonistic_efficacy,0,0.07526881720430108,7,2,186,0.0,4.733333333333333,2.2428565238961635,1.0,1.0,ns
compound,wogonin,receptor_antagonism,0,0.07526881720430108,7,2,186,0.0,4.733333333333333,2.2428565238961635,1.0,1.0,ns
compound,glycyrrhetinic acid,CYP_induction,1,0.978494623655914,7,26,186,1.0266666666666666,1.3981900452488687,0.48356046851294293,1.0,1.0,ns
compound,glycyrrhetinic acid,P-gp_inhibition,0,0.5268817204301075,7,14,186,0.0,0.7609195402298851,-0.39418418392887294,1.0,1.0,ns
compound,glycyrrhetinic acid,synergistic_efficacy,0,0.45161290322580644,7,12,186,0.0,0.8933333333333333,-0.1627295000381085,1.0,1.0,ns
compound,glycyrrhetinic acid,absorption_alteration,0,0.41397849462365593,7,11,186,0.0,0.9768115942028985,-0.033847770483672955,1.0,1.0,ns
compound,glycyrrhetinic acid,transporter_modulation,0,0.41397849462365593,7,11,186,0.0,0.9768115942028985,-0.033847770483672955,1.0,1.0,ns
compound,glycyrrhetinic acid,signaling_pathway_modulation,0,0.3387096774193548,7,9,186,0.0,1.1964912280701754,0.25880981997206837,1.0,1.0,ns
compound,glycyrrhetinic acid,organ_toxicity_modulation,0,0.22580645161290322,7,6,186,0.0,1.7794871794871794,0.8314615388286501,1.0,1.0,ns
compound,glycyrrhetinic acid,additive_toxicity,0,0.15053763440860216,7,4,186,0.0,2.6,1.3785116232537298,1.0,1.0,ns
compound,glycyrrhetinic acid,P-gp_induction,0,0.07526881720430108,7,2,186,0.0,4.733333333333333,2.2428565238961635,1.0,1.0,ns
compound,glycyrrhetinic acid,UGT_induction,0,0.07526881720430108,7,2,186,0.0,4.733333333333333,2.2428565238961635,1.0,1.0,ns
compound,glycyrrhetinic acid,antagonistic_efficacy,0,0.07526881720430108,7,2,186,0.0,4.733333333333333,2.2428565238961635,1.0,1.0,ns
compound,glycyrrhetinic acid,receptor_antagonism,0,0.07526881720430108,7,2,186,0.0,4.733333333333333,2.2428565238961635,1.0,1.0,ns
compound,glycyrrhizic acid,CYP_inhibition,1,1.3870967741935485,6,43,186,0.6571428571428571,0.8887700534759359,-0.17011788800465447,1.0,1.0,ns
compound,glycyrrhizic acid,receptor_synergism,1,0.9032258064516129,6,28,186,1.1333333333333333,1.5223140495867769,0.6062660139293787,1.0,1.0,ns
compound,glycyrrhizic acid,UGT_inhibition,0,0.45161290322580644,6,14,186,0.0,0.883289124668435,-0.17904234619740214,1.0,1.0,ns
compound,glycyrrhizic acid,synergistic_efficacy,0,0.3870967741935484,6,12,186,0.0,1.0369230769230768,0.052308873266041486,1.0,1.0,ns
compound,glycyrrhizic acid,transporter_modulation,0,0.3548387096774194,6,11,186,0.0,1.1337792642140467,0.18113978893823873,1.0,1.0,ns
compound,glycyrrhizic acid,signaling_pathway_modulation,0,0.2903225806451613,6,9,186,0.0,1.388663967611336,0.4736975345881346,1.0,1.0,ns
compound,glycyrrhizic acid,additive_toxicity,0,0.12903225806451613,6,4,186,0.0,3.017094017094017,1.5931596536877757,1.0,1.0,ns
compound,glycyrrhizic acid,P-gp_induction,0,0.06451612903225806,6,2,186,0.0,5.492307692307692,2.457412451000645,1.0,1.0,ns
compound,glycyrrhizic acid,UGT_induction,0,0.06451612903225806,6,2,186,0.0,5.492307692307692,2.457412451000645,1.0,1.0,ns
compound,glycyrrhizic acid,antagonistic_efficacy,0,0.06451612903225806,6,2,186,0.0,5.492307692307692,2.457412451000645,1.0,1.0,ns
compound,glycyrrhizic acid,receptor_antagonism,0,0.06451612903225806,6,2,186,0.0,5.492307692307692,2.457412451000645,1.0,1.0,ns
compound,emodin,P-gp_inhibition,0,0.45161290322580644,6,14,186,0.0,0.883289124668435,-0.17904234619740214,1.0,1.0,ns
compound,emodin,UGT_inhibition,0,0.45161290322580644,6,14,186,0.0,0.883289124668435,-0.17904234619740214,1.0,1.0,ns
compound,emodin,synergistic_efficacy,0,0.3870967741935484,6,12,186,0.0,1.0369230769230768,0.052308873266041486,1.0,1.0,ns
compound,emodin,absorption_alteration,0,0.3548387096774194,6,11,186,0.0,1.1337792642140467,0.18113978893823873,1.0,1.0,ns
compound,emodin,transporter_modulation,0,0.3548387096774194,6,11,186,0.0,1.1337792642140467,0.18113978893823873,1.0,1.0,ns
compound,emodin,organ_toxicity_modulation,0,0.1935483870967742,6,6,186,0.0,2.06508875739645,1.046203789927468,1.0,1.0,ns
compound,emodin,P-gp_induction,0,0.06451612903225806,6,2,186,0.0,5.492307692307692,2.457412451000645,1.0,1.0,ns
compound,emodin,UGT_induction,0,0.06451612903225806,6,2,186,0.0,5.492307692307692,2.457412451000645,1.0,1.0,ns
compound,emodin,antagonistic_efficacy,0,0.06451612903225806,6,2,186,0.0,5.492307692307692,2.457412451000645,1.0,1.0,ns
compound,emodin,receptor_antagonism,0,0.06451612903225806,6,2,186,0.0,5.492307692307692,2.457412451000645,1.0,1.0,ns
compound,icariin,P-gp_inhibition,0,0.45161290322580644,6,14,186,0.0,0.883289124668435,-0.17904234619740214,1.0,1.0,ns
compound,icariin,synergistic_efficacy,0,0.3870967741935484,6,12,186,0.0,1.0369230769230768,0.052308873266041486,1.0,1.0,ns
compound,icariin,absorption_alteration,0,0.3548387096774194,6,11,186,0.0,1.1337792642140467,0.18113978893823873,1.0,1.0,ns
compound,icariin,transporter_modulation,0,0.3548387096774194,6,11,186,0.0,1.1337792642140467,0.18113978893823873,1.0,1.0,ns
compound,icariin,signaling_pathway_modulation,0,0.2903225806451613,6,9,186,0.0,1.388663967611336,0.4736975345881346,1.0,1.0,ns
compound,icariin,organ_toxicity_modulation,0,0.1935483870967742,6,6,186,0.0,2.06508875739645,1.046203789927468,1.0,1.0,ns
compound,icariin,additive_toxicity,0,0.12903225806451613,6,4,186,0.0,3.017094017094017,1.5931596536877757,1.0,1.0,ns
compound,icariin,P-gp_induction,0,0.06451612903225806,6,2,186,0.0,5.492307692307692,2.457412451000645,1.0,1.0,ns
compound,icariin,UGT_induction,0,0.06451612903225806,6,2,186,0.0,5.492307692307692,2.457412451000645,1.0,1.0,ns
compound,icariin,antagonistic_efficacy,0,0.06451612903225806,6,2,186,0.0,5.492307692307692,2.457412451000645,1.0,1.0,ns
compound,icariin,receptor_antagonism,0,0.06451612903225806,6,2,186,0.0,5.492307692307692,2.457412451000645,1.0,1.0,ns
compound,astragaloside IV,CYP_inhibition,1,1.3870967741935485,6,43,186,0.6571428571428571,0.8887700534759359,-0.17011788800465447,1.0,1.0,ns
compound,astragaloside IV,P-gp_inhibition,0,0.45161290322580644,6,14,186,0.0,0.883289124668435,-0.17904234619740214,1.0,1.0,ns
compound,astragaloside IV,absorption_alteration,0,0.3548387096774194,6,11,186,0.0,1.1337792642140467,0.18113978893823873,1.0,1.0,ns
compound,astragaloside IV,transporter_modulation,0,0.3548387096774194,6,11,186,0.0,1.1337792642140467,0.18113978893823873,1.0,1.0,ns
compound,astragaloside IV,signaling_pathway_modulation,0,0.2903225806451613,6,9,186,0.0,1.388663967611336,0.4736975345881346,1.0,1.0,ns
compound,astragaloside IV,organ_toxicity_modulation,0,0.1935483870967742,6,6,186,0.0,2.06508875739645,1.046203789927468,1.0,1.0,ns
compound,astragaloside IV,P-gp_induction,0,0.06451612903225806,6,2,186,0.0,5.492307692307692,2.457412451000645,1.0,1.0,ns
compound,astragaloside IV,UGT_induction,0,0.06451612903225806,6,2,186,0.0,5.492307692307692,2.457412451000645,1.0,1.0,ns
compound,astragaloside IV,antagonistic_efficacy,0,0.06451612903225806,6,2,186,0.0,5.492307692307692,2.457412451000645,1.0,1.0,ns
compound,astragaloside IV,receptor_antagonism,0,0.06451612903225806,6,2,186,0.0,5.492307692307692,2.457412451000645,1.0,1.0,ns
compound,quercetin,CYP_inhibition,1,1.3870967741935485,6,43,186,0.6571428571428571,0.8887700534759359,-0.17011788800465447,1.0,1.0,ns
compound,quercetin,receptor_synergism,1,0.9032258064516129,6,28,186,1.1333333333333333,1.5223140495867769,0.6062660139293787,1.0,1.0,ns
compound,quercetin,P-gp_inhibition,0,0.45161290322580644,6,14,186,0.0,0.883289124668435,-0.17904234619740214,1.0,1.0,ns
compound,quercetin,UGT_inhibition,0,0.45161290322580644,6,14,186,0.0,0.883289124668435,-0.17904234619740214,1.0,1.0,ns
compound,quercetin,synergistic_efficacy,0,0.3870967741935484,6,12,186,0.0,1.0369230769230768,0.052308873266041486,1.0,1.0,ns
compound,quercetin,absorption_alteration,0,0.3548387096774194,6,11,186,0.0,1.1337792642140467,0.18113978893823873,1.0,1.0,ns
compound,quercetin,transporter_modulation,0,0.3548387096774194,6,11,186,0.0,1.1337792642140467,0.18113978893823873,1.0,1.0,ns
compound,quercetin,additive_toxicity,0,0.12903225806451613,6,4,186,0.0,3.017094017094017,1.5931596536877757,1.0,1.0,ns
compound,quercetin,P-gp_induction,0,0.06451612903225806,6,2,186,0.0,5.492307692307692,2.457412451000645,1.0,1.0,ns
compound,quercetin,UGT_induction,0,0.06451612903225806,6,2,186,0.0,5.492307692307692,2.457412451000645,1.0,1.0,ns
compound,quercetin,antagonistic_efficacy,0,0.06451612903225806,6,2,186,0.0,5.492307692307692,2.457412451000645,1.0,1.0,ns
compound,quercetin,receptor_antagonism,0,0.06451612903225806,6,2,186,0.0,5.492307692307692,2.457412451000645,1.0,1.0,ns
compound,salvianolic acid B,receptor_synergism,1,0.9032258064516129,6,28,186,1.1333333333333333,1.5223140495867769,0.6062660139293787,1.0,1.0,ns
compound,salvianolic acid B,UGT_inhibition,0,0.45161290322580644,6,14,186,0.0,0.883289124668435,-0.17904234619740214,1.0,1.0,ns
compound,salvianolic acid B,synergistic_efficacy,0,0.3870967741935484,6,12,186,0.0,1.0369230769230768,0.052308873266041486,1.0,1.0,ns
compound,salvianolic acid B,absorption_alteration,0,0.3548387096774194,6,11,186,0.0,1.1337792642140467,0.18113978893823873,1.0,1.0,ns
compound,salvianolic acid B,transporter_modulation,0,0.3548387096774194,6,11,186,0.0,1.1337792642140467,0.18113978893823873,1.0,1.0,ns
compound,salvianolic acid B,signaling_pathway_modulation,0,0.2903225806451613,6,9,186,0.0,1.388663967611336,0.4736975345881346,1.0,1.0,ns
compound,salvianolic acid B,organ_toxicity_modulation,0,0.1935483870967742,6,6,186,0.0,2.06508875739645,1.046203789927468,1.0,1.0,ns
compound,salvianolic acid B,additive_toxicity,0,0.12903225806451613,6,4,186,0.0,3.017094017094017,1.5931596536877757,1.0,1.0,ns
compound,salvianolic acid B,P-gp_induction,0,0.06451612903225806,6,2,186,0.0,5.492307692307692,2.457412451000645,1.0,1.0,ns
compound,salvianolic acid B,UGT_induction,0,0.06451612903225806,6,2,186,0.0,5.492307692307692,2.457412451000645,1.0,1.0,ns
compound,salvianolic acid B,antagonistic_efficacy,0,0.06451612903225806,6,2,186,0.0,5.492307692307692,2.457412451000645,1.0,1.0,ns
compound,salvianolic acid B,receptor_antagonism,0,0.06451612903225806,6,2,186,0.0,5.492307692307692,2.457412451000645,1.0,1.0,ns
compound,tanshinone IIA,CYP_inhibition,1,1.3870967741935485,6,43,186,0.6571428571428571,0.8887700534759359,-0.17011788800465447,1.0,1.0,ns
compound,tanshinone IIA,CYP_induction,1,0.8387096774193549,6,26,186,1.24,1.6631016042780749,0.7338763102429658,1.0,1.0,ns
compound,tanshinone IIA,UGT_inhibition,0,0.45161290322580644,6,14,186,0.0,0.883289124668435,-0.17904234619740214,1.0,1.0,ns
compound,tanshinone IIA,absorption_alteration,0,0.3548387096774194,6,11,186,0.0,1.1337792642140467,0.18113978893823873,1.0,1.0,ns
compound,tanshinone IIA,transporter_modulation,0,0.3548387096774194,6,11,186,0.0,1.1337792642140467,0.18113978893823873,1.0,1.0,ns
compound,tanshinone IIA,signaling_pathway_modulation,0,0.2903225806451613,6,9,186,0.0,1.388663967611336,0.4736975345881346,1.0,1.0,ns
compound,tanshinone IIA,organ_toxicity_modulation,0,0.1935483870967742,6,6,186,0.0,2.06508875739645,1.046203789927468,1.0,1.0,ns
compound,tanshinone IIA,additive_toxicity,0,0.12903225806451613,6,4,186,0.0,3.017094017094017,1.5931596536877757,1.0,1.0,ns
compound,tanshinone IIA,P-gp_induction,0,0.06451612903225806,6,2,186,0.0,5.492307692307692,2.457412451000645,1.0,1.0,ns
compound,tanshinone IIA,UGT_induction,0,0.06451612903225806,6,2,186,0.0,5.492307692307692,2.457412451000645,1.0,1.0,ns
compound,tanshinone IIA,antagonistic_efficacy,0,0.06451612903225806,6,2,186,0.0,5.492307692307692,2.457412451000645,1.0,1.0,ns
compound,tanshinone IIA,receptor_antagonism,0,0.06451612903225806,6,2,186,0.0,5.492307692307692,2.457412451000645,1.0,1.0,ns
compound,triptolide,P-gp_inhibition,0,0.45161290322580644,6,14,186,0.0,0.883289124668435,-0.17904234619740214,1.0,1.0,ns
compound,triptolide,UGT_inhibition,0,0.45161290322580644,6,14,186,0.0,0.883289124668435,-0.17904234619740214,1.0,1.0,ns
compound,triptolide,absorption_alteration,0,0.3548387096774194,6,11,186,0.0,1.1337792642140467,0.18113978893823873,1.0,1.0,ns
compound,triptolide,transporter_modulation,0,0.3548387096774194,6,11,186,0.0,1.1337792642140467,0.18113978893823873,1.0,1.0,ns
compound,triptolide,signaling_pathway_modulation,0,0.2903225806451613,6,9,186,0.0,1.388663967611336,0.4736975345881346,1.0,1.0,ns
compound,triptolide,organ_toxicity_modulation,0,0.1935483870967742,6,6,186,0.0,2.06508875739645,1.046203789927468,1.0,1.0,ns
compound,triptolide,additive_toxicity,0,0.12903225806451613,6,4,186,0.0,3.017094017094017,1.5931596536877757,1.0,1.0,ns
compound,triptolide,P-gp_induction,0,0.06451612903225806,6,2,186,0.0,5.492307692307692,2.457412451000645,1.0,1.0,ns
compound,triptolide,UGT_induction,0,0.06451612903225806,6,2,186,0.0,5.492307692307692,2.457412451000645,1.0,1.0,ns
compound,triptolide,antagonistic_efficacy,0,0.06451612903225806,6,2,186,0.0,5.492307692307692,2.457412451000645,1.0,1.0,ns
compound,triptolide,receptor_antagonism,0,0.06451612903225806,6,2,186,0.0,5.492307692307692,2.457412451000645,1.0,1.0,ns
compound,Astragaloside IV,CYP_inhibition,1,1.3870967741935485,6,43,186,0.6571428571428571,0.8887700534759359,-0.17011788800465447,1.0,1.0,ns
compound,Astragaloside IV,UGT_inhibition,0,0.45161290322580644,6,14,186,0.0,0.883289124668435,-0.17904234619740214,1.0,1.0,ns
compound,Astragaloside IV,absorption_alteration,0,0.3548387096774194,6,11,186,0.0,1.1337792642140467,0.18113978893823873,1.0,1.0,ns
compound,Astragaloside IV,transporter_modulation,0,0.3548387096774194,6,11,186,0.0,1.1337792642140467,0.18113978893823873,1.0,1.0,ns
compound,Astragaloside IV,organ_toxicity_modulation,0,0.1935483870967742,6,6,186,0.0,2.06508875739645,1.046203789927468,1.0,1.0,ns
compound,Astragaloside IV,additive_toxicity,0,0.12903225806451613,6,4,186,0.0,3.017094017094017,1.5931596536877757,1.0,1.0,ns
compound,Astragaloside IV,P-gp_induction,0,0.06451612903225806,6,2,186,0.0,5.492307692307692,2.457412451000645,1.0,1.0,ns
compound,Astragaloside IV,UGT_induction,0,0.06451612903225806,6,2,186,0.0,5.492307692307692,2.457412451000645,1.0,1.0,ns
compound,Astragaloside IV,antagonistic_efficacy,0,0.06451612903225806,6,2,186,0.0,5.492307692307692,2.457412451000645,1.0,1.0,ns
compound,Astragaloside IV,receptor_antagonism,0,0.06451612903225806,6,2,186,0.0,5.492307692307692,2.457412451000645,1.0,1.0,ns
compound,evodiamine,CYP_inhibition,1,1.1559139784946237,5,43,186,0.8273809523809523,1.0941176470588236,0.12976787497032977,1.0,1.0,ns
compound,evodiamine,CYP_induction,0,0.6989247311827957,5,26,186,0.0,0.5334476843910806,-0.9065813030698939,1.0,1.0,ns
compound,evodiamine,P-gp_inhibition,0,0.3763440860215054,5,14,186,0.0,1.0501567398119123,0.07060467158026545,1.0,1.0,ns
compound,evodiamine,UGT_inhibition,0,0.3763440860215054,5,14,186,0.0,1.0501567398119123,0.07060467158026545,1.0,1.0,ns
compound,evodiamine,synergistic_efficacy,0,0.3225806451612903,5,12,186,0.0,1.2327272727272727,0.30185365472432185,1.0,1.0,ns
compound,evodiamine,absorption_alteration,0,0.2956989247311828,5,11,186,0.0,1.3478260869565217,0.4306343543298623,1.0,1.0,ns
compound,evodiamine,signaling_pathway_modulation,0,0.24193548387096775,5,9,186,0.0,1.6507177033492824,0.7230934195846487,1.0,1.0,ns
compound,evodiamine,additive_toxicity,0,0.10752688172043011,5,4,186,0.0,3.585858585858586,1.842318594312435,1.0,1.0,ns
compound,evodiamine,P-gp_induction,0,0.053763440860215055,5,2,186,0.0,6.527272727272727,2.706480320298392,1.0,1.0,ns
compound,evodiamine,UGT_induction,0,0.053763440860215055,5,2,186,0.0,6.527272727272727,2.706480320298392,1.0,1.0,ns
compound,evodiamine,antagonistic_efficacy,0,0.053763440860215055,5,2,186,0.0,6.527272727272727,2.706480320298392,1.0,1.0,ns
compound,evodiamine,receptor_antagonism,0,0.053763440860215055,5,2,186,0.0,6.527272727272727,2.706480320298392,1.0,1.0,ns
compound,magnolol,receptor_synergism,0,0.7526881720430108,5,28,186,0.0,0.48963317384370014,-1.0302267874318596,1.0,1.0,ns
compound,magnolol,P-gp_inhibition,0,0.3763440860215054,5,14,186,0.0,1.0501567398119123,0.07060467158026545,1.0,1.0,ns
compound,magnolol,synergistic_efficacy,0,0.3225806451612903,5,12,186,0.0,1.2327272727272727,0.30185365472432185,1.0,1.0,ns
compound,magnolol,transporter_modulation,0,0.2956989247311828,5,11,186,0.0,1.3478260869565217,0.4306343543298623,1.0,1.0,ns
compound,magnolol,signaling_pathway_modulation,0,0.24193548387096775,5,9,186,0.0,1.6507177033492824,0.7230934195846487,1.0,1.0,ns
compound,magnolol,organ_toxicity_modulation,0,0.16129032258064516,5,6,186,0.0,2.4545454545454546,1.2954558835261714,1.0,1.0,ns
compound,magnolol,additive_toxicity,0,0.10752688172043011,5,4,186,0.0,3.585858585858586,1.842318594312435,1.0,1.0,ns
compound,magnolol,P-gp_induction,0,0.053763440860215055,5,2,186,0.0,6.527272727272727,2.706480320298392,1.0,1.0,ns
compound,magnolol,UGT_induction,0,0.053763440860215055,5,2,186,0.0,6.527272727272727,2.706480320298392,1.0,1.0,ns
compound,magnolol,antagonistic_efficacy,0,0.053763440860215055,5,2,186,0.0,6.527272727272727,2.706480320298392,1.0,1.0,ns
compound,magnolol,receptor_antagonism,0,0.053763440860215055,5,2,186,0.0,6.527272727272727,2.706480320298392,1.0,1.0,ns
compound,cryptotanshinone,UGT_inhibition,0,0.3763440860215054,5,14,186,0.0,1.0501567398119123,0.07060467158026545,1.0,1.0,ns
compound,cryptotanshinone,synergistic_efficacy,0,0.3225806451612903,5,12,186,0.0,1.2327272727272727,0.30185365472432185,1.0,1.0,ns
compound,cryptotanshinone,absorption_alteration,0,0.2956989247311828,5,11,186,0.0,1.3478260869565217,0.4306343543298623,1.0,1.0,ns
compound,cryptotanshinone,transporter_modulation,0,0.2956989247311828,5,11,186,0.0,1.3478260869565217,0.4306343543298623,1.0,1.0,ns
compound,cryptotanshinone,signaling_pathway_modulation,0,0.24193548387096775,5,9,186,0.0,1.6507177033492824,0.7230934195846487,1.0,1.0,ns
compound,cryptotanshinone,organ_toxicity_modulation,0,0.16129032258064516,5,6,186,0.0,2.4545454545454546,1.2954558835261714,1.0,1.0,ns
compound,cryptotanshinone,additive_toxicity,0,0.10752688172043011,5,4,186,0.0,3.585858585858586,1.842318594312435,1.0,1.0,ns
compound,cryptotanshinone,P-gp_induction,0,0.053763440860215055,5,2,186,0.0,6.527272727272727,2.706480320298392,1.0,1.0,ns
compound,cryptotanshinone,UGT_induction,0,0.053763440860215055,5,2,186,0.0,6.527272727272727,2.706480320298392,1.0,1.0,ns
compound,cryptotanshinone,antagonistic_efficacy,0,0.053763440860215055,5,2,186,0.0,6.527272727272727,2.706480320298392,1.0,1.0,ns
compound,cryptotanshinone,receptor_antagonism,0,0.053763440860215055,5,2,186,0.0,6.527272727272727,2.706480320298392,1.0,1.0,ns
compound,schisantherin A,receptor_synergism,0,0.7526881720430108,5,28,186,0.0,0.48963317384370014,-1.0302267874318596,1.0,1.0,ns
compound,schisantherin A,CYP_induction,0,0.6989247311827957,5,26,186,0.0,0.5334476843910806,-0.9065813030698939,1.0,1.0,ns
compound,schisantherin A,P-gp_inhibition,0,0.3763440860215054,5,14,186,0.0,1.0501567398119123,0.07060467158026545,1.0,1.0,ns
compound,schisantherin A,UGT_inhibition,0,0.3763440860215054,5,14,186,0.0,1.0501567398119123,0.07060467158026545,1.0,1.0,ns
compound,schisantherin A,synergistic_efficacy,0,0.3225806451612903,5,12,186,0.0,1.2327272727272727,0.30185365472432185,1.0,1.0,ns
compound,schisantherin A,absorption_alteration,0,0.2956989247311828,5,11,186,0.0,1.3478260869565217,0.4306343543298623,1.0,1.0,ns
compound,schisantherin A,transporter_modulation,0,0.2956989247311828,5,11,186,0.0,1.3478260869565217,0.4306343543298623,1.0,1.0,ns
compound,schisantherin A,signaling_pathway_modulation,0,0.24193548387096775,5,9,186,0.0,1.6507177033492824,0.7230934195846487,1.0,1.0,ns
compound,schisantherin A,organ_toxicity_modulation,0,0.16129032258064516,5,6,186,0.0,2.4545454545454546,1.2954558835261714,1.0,1.0,ns
compound,schisantherin A,additive_toxicity,0,0.10752688172043011,5,4,186,0.0,3.585858585858586,1.842318594312435,1.0,1.0,ns
compound,schisantherin A,P-gp_induction,0,0.053763440860215055,5,2,186,0.0,6.527272727272727,2.706480320298392,1.0,1.0,ns
compound,schisantherin A,UGT_induction,0,0.053763440860215055,5,2,186,0.0,6.527272727272727,2.706480320298392,1.0,1.0,ns
compound,schisantherin A,antagonistic_efficacy,0,0.053763440860215055,5,2,186,0.0,6.527272727272727,2.706480320298392,1.0,1.0,ns
compound,schisantherin A,receptor_antagonism,0,0.053763440860215055,5,2,186,0.0,6.527272727272727,2.706480320298392,1.0,1.0,ns
