tier,herb_family,mechanism,obs,expected,row_total,col_total,N_tier,OR_raw,OR_ha,log2_OR_ha,p,q,classification
family,Hypericaceae,CYP_induction,39,9.3451536643026,59,134,846,14.204210526315789,13.97203422296003,3.804470176459821,7.576220054229575e-20,2.909268500824157e-17,strong_enrichment
family,Lamiaceae,CYP_inhibition,12,28.20567375886525,97,246,846,0.31070889894419307,0.32138804723250913,-1.6376118202584413,7.08240930801143e-05,0.00989037412893883,strong_depletion
family,Zingiberaceae,antagonistic_efficacy,3,0.13120567375886524,37,3,846,inf,164.2463768115942,7.3597177355820005,7.726854788233461e-05,0.00989037412893883,weak_sig
family,Acanthaceae,CYP_inhibition,13,5.23404255319149,18,246,846,6.639484978540772,6.259879306988514,2.6461348416806234,0.00016125551434759534,0.015480529377369153,strong_enrichment
family,Piperaceae,CYP_inhibition,9,3.198581560283688,11,246,846,11.354430379746836,9.576,3.259423152281415,0.0004088332111830053,0.028266513272341982,strong_enrichment
family,Animal_derived,receptor_synergism,6,1.2411347517730495,10,105,846,11.166666666666666,10.706309324399777,3.420389335291697,0.0004416642698803435,0.028266513272341982,strong_enrichment
family,Lamiaceae,P-gp_inhibition,14,5.732860520094563,97,50,846,3.3406961178045513,3.394553359035354,1.7632217632492662,0.000756160569825985,0.041157217635098,strong_enrichment
family,Lamiaceae,transporter_modulation,13,5.159574468085107,97,45,846,3.4676339285714284,3.5270823850705506,1.8184752744158799,0.0008574420340645416,0.041157217635098,strong_enrichment
family,Phyllanthaceae,CYP_inhibition,8,3.198581560283688,11,246,846,6.689075630252101,6.084156933213537,2.6050573660553344,0.0032570947280004363,0.13896937506135196,ns
family,Berberidaceae,receptor_synergism,7,2.234042553191489,18,105,846,4.740259740259741,4.836680644449349,2.274017282898628,0.003706666482483449,0.14233599292736443,ns
family,Schisandraceae,CYP_inhibition,24,15.120567375886525,52,246,846,2.2084942084942085,2.21190616991918,1.1452901870810128,0.007109804232153934,0.23498842327587927,ns
family,Ranunculaceae,absorption_alteration,10,4.302600472813239,70,52,846,2.9126984126984126,2.999416626154594,1.584681929922744,0.007343388227371227,0.23498842327587927,ns
family,Ginkgoaceae,transporter_modulation,5,1.3297872340425532,25,45,846,4.88125,5.177055103884372,2.3721316741342533,0.008116943238808554,0.23976201566942193,ns
family,Ginkgoaceae,additive_toxicity,3,0.5023640661938534,25,17,846,7.8603896103896105,8.662835249042146,3.1148392801816445,0.011802423780319975,0.32372362368877644,ns
family,Celastraceae,P-gp_inhibition,5,1.4775413711583925,25,50,846,4.311111111111111,4.578665237201823,2.1949270882078187,0.012716362245516585,0.3255388734852246,ns
family,Paeoniaceae,CYP_inhibition,0,4.070921985815603,14,246,846,0.0,0.08204518430439953,-3.607437533476975,0.01399715921422039,0.3282535367713924,ns
family,Polygonaceae,organ_toxicity_modulation,5,1.5271867612293144,38,34,846,4.070010449320794,4.338224133569441,2.1171045915154685,0.014932488251645929,0.3282535367713924,ns
family,Amaryllidaceae,additive_toxicity,2,0.20094562647754138,10,17,846,13.683333333333334,15.588235294117647,3.9623857082002223,0.015568085198911617,0.3282535367713924,ns
family,Magnoliaceae,synergistic_efficacy,5,1.5886524822695036,21,64,846,4.057203389830509,4.294117647058823,2.1023617176296776,0.016694674155287477,0.3282535367713924,ns
family,Fabaceae,CYP_induction,11,19.79905437352246,125,134,846,0.4691199543574383,0.48673160900235135,-1.0388016266811069,0.017096538373510023,0.3282535367713924,ns
family,Polygonaceae,P-gp_induction,2,0.22458628841607564,38,5,846,14.907407407407407,15.76320939334638,3.97848939265631,0.018041763378499963,0.3299065303497136,ns
family,Theaceae,CYP_induction,0,3.801418439716312,24,134,846,0.0,0.10446855322054473,-3.2588593625368683,0.02252863426198544,0.36287932804583606,ns
family,Celastraceae,CYP_induction,0,3.9598108747044916,25,134,846,0.0,0.10022596399154457,-3.3186718012287355,0.022769365796907155,0.36287932804583606,ns
family,Menispermaceae,receptor_antagonism,2,0.24822695035460993,14,15,846,10.5,12.14074074074074,3.601784542048628,0.02362495625298412,0.36287932804583606,ns
family,Paeoniaceae,receptor_antagonism,2,0.24822695035460993,14,15,846,10.5,12.14074074074074,3.601784542048628,0.02362495625298412,0.36287932804583606,ns
family,Lamiaceae,CYP_induction,8,15.364066193853429,97,134,846,0.4444444444444444,0.4681034292401793,-1.0951007608785572,0.026913834527558328,0.39749663302239996,ns
family,Ginkgoaceae,protein_binding_displacement,1,0.02955082742316785,25,1,846,inf,100.59183673469387,6.652369421556022,0.029550827423167846,0.4202784344628316,ns
family,Apiaceae,CYP_inhibition,20,13.375886524822695,46,246,846,1.9537100068073519,1.9621391978008247,0.9724273926547626,0.03071297403430051,0.42074128221589524,ns
family,Araliaceae,UGT_inhibition,7,3.1773049645390072,64,42,846,2.6210526315789475,2.7464788732394365,1.4575831942449287,0.03285229149588838,0.42074128221589524,ns
family,Paeoniaceae,transporter_modulation,3,0.7446808510638298,14,45,846,5.12987012987013,5.660869565217391,2.5010236822212604,0.03391228015899599,0.42074128221589524,ns
family,Theaceae,transporter_modulation,4,1.2765957446808511,24,45,846,3.8097560975609754,4.133705553923009,2.0474356284769684,0.03396609309555405,0.42074128221589524,ns
family,Polygonaceae,CYP_induction,11,6.0189125295508275,38,134,846,2.268894911171334,2.321163047478837,1.2148478667269016,0.03716981211971138,0.4460377454365366,ns
family,Amaryllidaceae,CYP_inhibition,0,2.9078014184397163,10,246,846,0.0,0.1140732154930938,-3.1319680097595146,0.039927116262759334,0.45807141019342673,ns
family,Ranunculaceae,UGT_inhibition,0,3.475177304964539,70,42,846,0.0,0.12256987901543596,-3.0283236079802154,0.04167326742997435,0.45807141019342673,ns
family,Hypericaceae,P-gp_inhibition,0,3.486997635933806,59,50,846,0.0,0.12272235626924037,-3.0265300069231724,0.04214545625151088,0.45807141019342673,ns
family,Fabaceae,UGT_inhibition,11,6.205673758865248,125,42,846,2.1477079796264857,2.201635821723158,1.1385758487182034,0.04294419470563376,0.45807141019342673,ns
family,Araliaceae,synergistic_efficacy,9,4.84160756501182,64,64,846,2.1629752066115704,2.24373021670319,1.1658992185390198,0.04942613136584226,0.5129630930941467,ns
family,Schisandraceae,receptor_synergism,2,6.453900709219858,52,105,846,0.2683495145631068,0.33075046635098293,-1.5961849042132634,0.05139184339160946,0.5193281016415272,ns
family,Amaryllidaceae,P-gp_induction,1,0.0591016548463357,10,5,846,23.11111111111111,29.210526315789473,4.868416447793883,0.057854568575595504,0.5637799654290373,ns
family,Fabaceae,UGT_induction,2,0.4432624113475177,125,3,846,11.707317073170731,9.723346828609987,3.281452982756276,0.05872707973219139,0.5637799654290373,ns
family,Fabaceae,signaling_pathway_modulation,8,4.432624113475177,125,30,846,2.1724941724941726,2.248983451536643,1.1692730455204183,0.06893607501290562,0.6231177727072098,ns
family,Rutaceae,UGT_induction,1,0.07092198581560284,20,3,846,21.68421052631579,25.369230769230768,4.6650078704090125,0.06933862697469868,0.6231177727072098,ns
family,Lamiaceae,receptor_synergism,18,12.039007092198581,97,105,846,1.7337407245744216,1.7619047619047619,0.8171359428501894,0.06977620892294277,0.6231177727072098,ns
family,Ginkgoaceae,CYP_inhibition,3,7.2695035460992905,25,246,846,0.32435465768799104,0.36956422541638145,-1.4361029872469229,0.07184093081503193,0.6235771507536487,ns
family,Polygonaceae,receptor_synergism,1,4.716312056737588,38,105,846,0.18295218295218296,0.26966507177033494,-1.8907594255459708,0.07444478239272867,0.6235771507536487,ns
family,Hypericaceae,CYP_inhibition,11,17.156028368794328,59,246,846,0.5382978723404256,0.5562851577035043,-0.8461034814641041,0.07469934618403085,0.6235771507536487,ns
family,Theaceae,additive_toxicity,2,0.48226950354609927,24,17,846,4.890909090909091,5.788530465949821,2.5331971377521,0.08094254609570686,0.656954446169355,ns
family,Menispermaceae,synergistic_efficacy,3,1.0591016548463357,14,64,846,3.4470938897168404,3.817956875220926,1.9328008072320864,0.08243474844348732,0.656954446169355,ns
family,Menispermaceae,receptor_synergism,4,1.7375886524822695,14,105,846,2.895049504950495,3.0886699507389164,1.6269857156168628,0.08383012464140208,0.656954446169355,ns
family,Ginkgoaceae,CYP_induction,7,3.9598108747044916,25,134,846,2.1251093613298337,2.2082670906200317,1.1429146771021033,0.09754983518648848,0.7438143368829218,ns
family,Hypericaceae,receptor_synergism,3,7.322695035460993,59,105,846,0.3597689075630252,0.4142887977552342,-1.2712912840838038,0.09878784161726305,0.7438143368829218,ns
family,Araliaceae,absorption_alteration,7,3.933806146572104,64,52,846,2.01130604288499,2.1141901576684186,1.080105143602013,0.10357140424513729,0.7540657233388974,ns
family,Schisandraceae,transporter_modulation,0,2.765957446808511,52,45,846,0.0,0.15688121402407118,-2.6722554899169593,0.10433914616930935,0.7540657233388974,ns
family,Polygonaceae,synergistic_efficacy,0,2.8747044917257685,38,64,846,0.0,0.1499043592066848,-2.7378857575360556,0.10659336724074409,0.7540657233388974,ns
family,Hypericaceae,UGT_inhibition,0,2.9290780141843973,59,42,846,0.0,0.14740484429065745,-2.762144157162203,0.10909588805241394,0.7540657233388974,ns
family,Celastraceae,receptor_synergism,6,3.102836879432624,25,105,846,2.303030303030303,2.420435510887772,1.275266656123236,0.11239075250013561,0.7540657233388974,ns
family,Polygonaceae,UGT_inhibition,4,1.8865248226950355,38,42,846,2.3839009287925697,2.6103896103896105,1.3842651504840273,0.11354115066458177,0.7540657233388974,ns
family,Ranunculaceae,P-gp_inhibition,1,4.137115839243499,70,50,846,0.215025140490979,0.3172007848266841,-1.6565317542863145,0.11389534362931263,0.7540657233388974,ns
family,Hypericaceae,synergistic_efficacy,1,4.463356973995272,59,64,846,0.19813902572523262,0.29254996971532404,-1.7732450260774848,0.1186579888239331,0.7705596900350588,ns
family,Magnoliaceae,P-gp_inhibition,3,1.2411347517730495,21,50,846,2.7588652482269502,3.1007112375533428,1.6325991771767434,0.12193393737689408,0.7705596900350588,ns
family,Celastraceae,UGT_inhibition,3,1.2411347517730495,25,42,846,2.734265734265734,3.0815752461322083,1.6236680193708073,0.12240661742744421,0.7705596900350588,ns
family,Schisandraceae,organ_toxicity_modulation,4,2.08983451536643,52,34,846,2.1222222222222222,2.3256717931384148,1.217647513053103,0.15003011496761762,0.9292187765736316,ns
family,Rutaceae,signaling_pathway_modulation,2,0.7092198581560284,20,30,846,3.1666666666666665,3.78615457562826,1.9207333125049035,0.15571130640440484,0.943315033725814,ns
family,Polygonaceae,P-gp_inhibition,0,2.2458628841607564,38,50,846,0.0,0.19506236337919505,-2.3579926531996627,0.16059125110223832,0.943315033725814,ns
family,Apiaceae,UGT_inhibition,0,2.2836879432624113,46,42,846,0.0,0.19190385831752055,-2.3815443769986997,0.16113836516652852,0.943315033725814,ns
family,Hypericaceae,organ_toxicity_modulation,0,2.3711583924349884,59,34,846,0.0,0.1835342832785288,-2.4458785184882887,0.16213227142162429,0.943315033725814,ns
family,Animal_derived,receptor_antagonism,1,0.1773049645390071,10,15,846,6.523809523809524,8.956442831215972,3.1629258607726025,0.1646154300671088,0.9434675394891012,ns
family,Amaryllidaceae,synergistic_efficacy,2,0.7565011820330969,10,64,846,3.120967741935484,3.644705882352941,1.8658023977645044,0.1712546486730395,0.9530693491369154,ns
family,Apocynaceae,synergistic_efficacy,2,0.7565011820330969,10,64,846,3.120967741935484,3.644705882352941,1.8658023977645044,0.1712546486730395,0.9530693491369154,ns
family,Paeoniaceae,P-gp_inhibition,2,0.8274231678486997,14,50,846,2.7222222222222223,3.2350515463917526,1.6937886998936076,0.19830291765001465,1.0,ns
family,Fabaceae,synergistic_efficacy,13,9.456264775413711,125,64,846,1.524859943977591,1.5623300970873786,0.643699305667687,0.20002043440023592,1.0,ns
family,Araliaceae,CYP_inhibition,14,18.609929078014183,64,246,846,0.6637931034482759,0.6798466943468541,-0.5567186400552473,0.20087683209736465,1.0,ns
family,Asteraceae,P-gp_inhibition,3,1.5957446808510638,27,50,846,2.0531914893617023,2.3233082706766917,1.216180592403185,0.2101981404377028,1.0,ns
family,Paeoniaceae,absorption_alteration,2,0.8605200945626478,14,52,846,2.6066666666666665,3.099009900990099,1.6318073641808237,0.21069162574596664,1.0,ns
family,Fabaceae,absorption_alteration,11,7.68321513002364,125,52,846,1.6003423192126658,1.6469195559530698,0.7197700881171387,0.22278820202039928,1.0,ns
family,Berberidaceae,UGT_inhibition,2,0.8936170212765957,18,42,846,2.4625,2.949869060980172,1.5606509174347944,0.22344617231710034,1.0,ns
family,Acanthaceae,UGT_inhibition,2,0.8936170212765957,18,42,846,2.4625,2.949869060980172,1.5606509174347944,0.22344617231710034,1.0,ns
family,Schisandraceae,P-gp_inhibition,5,3.0732860520094563,52,50,846,1.7706855791962175,1.9073452862926548,0.9315660380555127,0.2246227981092256,1.0,ns
family,Magnoliaceae,CYP_induction,1,3.326241134751773,21,134,846,0.26015037593984963,0.3795560427514387,-1.3976151746479308,0.22859586781867725,1.0,ns
family,Apiaceae,additive_toxicity,2,0.9243498817966903,46,17,846,2.378787878787879,2.847046031170714,1.509465818828286,0.23503708082684113,1.0,ns
family,Fabaceae,receptor_synergism,11,15.51418439716312,125,105,846,0.6436170212765957,0.6669208197592477,-0.5844126074228695,0.23883259604757934,1.0,ns
family,Araliaceae,transporter_modulation,1,3.404255319148936,64,45,846,0.2662337662337662,0.39201981774750067,-1.3510015062526182,0.24490730204356645,1.0,ns
family,Apiaceae,synergistic_efficacy,1,3.479905437352246,46,64,846,0.2599647266313933,0.38288483170372933,-1.38501758711314,0.2465919010766186,1.0,ns
family,Ginkgoaceae,synergistic_efficacy,0,1.8912529550827424,25,64,846,0.0,0.2302781577747378,-2.1185505190344363,0.24900824314639144,1.0,ns
family,Zingiberaceae,UGT_inhibition,0,1.8368794326241136,37,42,846,0.0,0.2407843137254902,-2.054186686376041,0.2509449593539788,1.0,ns
family,Hypericaceae,absorption_alteration,1,3.6264775413711585,59,52,846,0.24881676808654496,0.36669156086631816,-1.4473610310096174,0.25253854334662457,1.0,ns
family,Ranunculaceae,receptor_synergism,12,8.687943262411348,70,105,846,1.5194660734149055,1.5620000914118561,0.6433945379097435,0.2531982023821723,1.0,ns
family,Zingiberaceae,transporter_modulation,0,1.9680851063829787,37,45,846,0.0,0.22402930402930402,-2.1582406393337727,0.2541355429390406,1.0,ns
family,Ranunculaceae,transporter_modulation,6,3.723404255319149,70,45,846,1.7716346153846154,1.8815621626925718,0.911930953677301,0.25713618469636224,1.0,ns
family,Celastraceae,organ_toxicity_modulation,2,1.0047281323877069,25,34,846,2.1440217391304346,2.5842880523731586,1.3697668860415073,0.2657383370689256,1.0,ns
family,Ginkgoaceae,organ_toxicity_modulation,2,1.0047281323877069,25,34,846,2.1440217391304346,2.5842880523731586,1.3697668860415073,0.2657383370689256,1.0,ns
family,Rutaceae,transporter_modulation,2,1.0638297872340425,20,45,846,2.0232558139534884,2.4339857098477786,1.2833206978822644,0.28830390756038954,1.0,ns
family,Rutaceae,receptor_antagonism,1,0.3546099290780142,20,15,846,3.0526315789473686,4.310344827586207,2.107803289534515,0.3036543872766841,1.0,ns
family,Hypericaceae,P-gp_induction,1,0.3486997635933806,59,5,846,3.375,4.464387464387465,2.1584622441680197,0.30395779340948353,1.0,ns
family,Amaryllidaceae,signaling_pathway_modulation,1,0.3546099290780142,10,30,846,3.0919540229885056,4.322033898305085,2.1117103874970167,0.3044279326498581,1.0,ns
family,Apocynaceae,signaling_pathway_modulation,1,0.3546099290780142,10,30,846,3.0919540229885056,4.322033898305085,2.1117103874970167,0.3044279326498581,1.0,ns
family,Lamiaceae,synergistic_efficacy,10,7.33806146572104,97,64,846,1.4793529161345254,1.5313761467889908,0.6148286907117442,0.304770010683904,1.0,ns
family,Araliaceae,receptor_antagonism,2,1.1347517730496455,64,15,846,1.9081885856079404,2.28,1.189033824390017,0.31567282303784666,1.0,ns
family,Magnoliaceae,receptor_synergism,4,2.606382978723404,21,105,846,1.6866627839254513,1.8354679802955665,0.876147946869099,0.31732260603420787,1.0,ns
family,Araliaceae,receptor_synergism,5,7.943262411347518,64,105,846,0.5779661016949152,0.6277436347673397,-0.6717526000423601,0.32421742036916745,1.0,ns
family,Berberidaceae,CYP_induction,1,2.851063829787234,18,134,846,0.3073861123396727,0.4465489566613162,-1.163109743369125,0.3351369124226914,1.0,ns
family,Acanthaceae,CYP_induction,1,2.851063829787234,18,134,846,0.3073861123396727,0.4465489566613162,-1.163109743369125,0.3351369124226914,1.0,ns
family,Ginkgoaceae,receptor_synergism,1,3.102836879432624,25,105,846,0.28725961538461536,0.4203691045796309,-1.2502714539118847,0.34982989134749953,1.0,ns
family,Ranunculaceae,P-gp_induction,1,0.41371158392434987,70,5,846,2.7971014492753623,3.7050359712230216,1.8894875493470733,0.3513775236463085,1.0,ns
family,Ranunculaceae,synergistic_efficacy,3,5.295508274231678,70,64,846,0.52483484218253,0.6032520325203252,-0.7291672236057989,0.351751116267456,1.0,ns
family,Theaceae,receptor_antagonism,1,0.425531914893617,24,15,846,2.5093167701863353,3.5590608950843725,1.8314966173896083,0.352962343822884,1.0,ns
family,Apocynaceae,receptor_synergism,2,1.2411347517730495,10,105,846,1.779126213592233,2.084398976982097,1.0596314518110876,0.35794061357246026,1.0,ns
family,Theaceae,CYP_inhibition,9,6.9787234042553195,24,246,846,1.481012658227848,1.5109677419354839,0.5954728603396152,0.36605963435204036,1.0,ns
family,Menispermaceae,CYP_inhibition,2,4.070921985815603,14,246,846,0.4016393442622951,0.48139059304703474,-1.0547201448011518,0.3723165435883913,1.0,ns
family,Magnoliaceae,absorption_alteration,2,1.2907801418439717,21,52,846,1.631578947368421,1.9687738004569688,0.97729736430941,0.3741887337904894,1.0,ns
family,Piperaceae,receptor_synergism,0,1.3652482269503545,11,105,846,0.0,0.3010508963527715,-1.7319206819606996,0.3767711697400586,1.0,ns
family,Apocynaceae,CYP_induction,0,1.5839243498817968,10,134,846,0.0,0.24871658700654983,-2.007425370227096,0.3776032817096617,1.0,ns
family,Animal_derived,CYP_induction,0,1.5839243498817968,10,134,846,0.0,0.24871658700654983,-2.007425370227096,0.3776032817096617,1.0,ns
family,Fabaceae,transporter_modulation,4,6.648936170212766,125,45,846,0.5482765571457368,0.607318161535029,-0.7194755820063985,0.38527674831608505,1.0,ns
family,Ranunculaceae,additive_toxicity,0,1.4066193853427895,70,17,846,0.0,0.3078014184397163,-1.6999282148416766,0.3868287067234476,1.0,ns
family,Berberidaceae,synergistic_efficacy,0,1.3617021276595744,18,64,846,0.0,0.3203435994133669,-1.6423079296913992,0.388298369228095,1.0,ns
family,Acanthaceae,synergistic_efficacy,0,1.3617021276595744,18,64,846,0.0,0.3203435994133669,-1.6423079296913992,0.388298369228095,1.0,ns
family,Theaceae,P-gp_inhibition,0,1.4184397163120568,24,50,846,0.0,0.31218427965245504,-1.679530204075266,0.3911560770673188,1.0,ns
family,Asteraceae,transporter_modulation,0,1.4361702127659575,27,45,846,0.0,0.3094905094905095,-1.6920329249337873,0.39209550695450357,1.0,ns
family,Asteraceae,UGT_inhibition,2,1.3404255319148937,27,42,846,1.558,1.886952311788913,0.9160579627290267,0.39214160697457995,1.0,ns
family,Ginkgoaceae,P-gp_inhibition,0,1.4775413711583925,25,50,846,0.0,0.29955348476024074,-1.7391144781525554,0.39232940681851913,1.0,ns
family,Zingiberaceae,organ_toxicity_modulation,0,1.4869976359338062,37,34,846,0.0,0.2997101449275362,-1.7383601762379592,0.39388562812750555,1.0,ns
family,Menispermaceae,signaling_pathway_modulation,1,0.49645390070921985,14,30,846,2.129973474801061,3.0263653483992465,1.59758616287094,0.39918489232287574,1.0,ns
family,Paeoniaceae,signaling_pathway_modulation,1,0.49645390070921985,14,30,846,2.129973474801061,3.0263653483992465,1.59758616287094,0.39918489232287574,1.0,ns
family,Apiaceae,signaling_pathway_modulation,0,1.6312056737588652,46,30,846,0.0,0.27163758152652917,-1.8802450021561323,0.4011710009426631,1.0,ns
family,Asteraceae,absorption_alteration,0,1.6595744680851063,27,52,846,0.0,0.2658008658008658,-1.9115822909332405,0.40280673761830227,1.0,ns
family,Asteraceae,CYP_induction,6,4.276595744680851,27,134,846,1.5424107142857142,1.6269115917111574,0.7021358553956103,0.41721271915825225,1.0,ns
family,Theaceae,synergistic_efficacy,3,1.8156028368794326,24,64,846,1.7822014051522248,2.0156929476271506,1.0112758885035584,0.4176752556227824,1.0,ns
family,Schisandraceae,synergistic_efficacy,2,3.933806146572104,52,64,846,0.472258064516129,0.5801980198019802,-0.7853827232169093,0.4196415991530459,1.0,ns
family,Amaryllidaceae,transporter_modulation,1,0.5319148936170213,10,45,846,2.0,2.8119455943228857,1.4915686813379425,0.4228168303481666,1.0,ns
family,Apocynaceae,transporter_modulation,1,0.5319148936170213,10,45,846,2.0,2.8119455943228857,1.4915686813379425,0.4228168303481666,1.0,ns
family,Apiaceae,organ_toxicity_modulation,3,1.8486997635933806,46,34,846,1.730682670667667,1.9655172413793103,0.9749090190371695,0.4237050854916027,1.0,ns
family,Asteraceae,additive_toxicity,1,0.5425531914893617,27,17,846,1.9302884615384615,2.7564322469982847,1.4628021404745972,0.4269432081863123,1.0,ns
family,Berberidaceae,CYP_inhibition,7,5.23404255319149,18,246,846,1.5682769113731456,1.6052464373241355,0.6827947967950881,0.4306971082192378,1.0,ns
family,Zingiberaceae,receptor_synergism,6,4.592198581560283,37,105,846,1.3880742913000979,1.4734785036292575,0.5592260133403073,0.44532583213674626,1.0,ns
family,Animal_derived,P-gp_inhibition,1,0.5910165484633569,10,50,846,1.784580498866213,2.511961722488038,1.328814480472602,0.45804317289753704,1.0,ns
family,Zingiberaceae,CYP_inhibition,13,10.75886524822695,37,246,846,1.3390557939914163,1.3604422497050213,0.4440757159903703,0.4590214379101789,1.0,ns
family,Amaryllidaceae,absorption_alteration,1,0.6146572104018913,10,52,846,1.710239651416122,2.4082779764946345,1.2680019253885486,0.4715831012128399,1.0,ns
family,Fabaceae,receptor_antagonism,3,2.2163120567375887,125,15,846,1.4528688524590163,1.6217142857142857,0.6975196673408601,0.47505272534238085,1.0,ns
family,Zingiberaceae,P-gp_inhibition,3,2.186761229314421,37,50,846,1.4305381727158948,1.6285278413424866,0.7035683842860981,0.4757283474937901,1.0,ns
family,Berberidaceae,signaling_pathway_modulation,1,0.6382978723404256,18,30,846,1.6206896551724137,2.323002421307506,1.2159906578946804,0.4814059588199693,1.0,ns
family,Apocynaceae,CYP_inhibition,4,2.9078014184397163,10,246,846,1.6363636363636365,1.6972244250594766,0.763177345972386,0.48795862650691013,1.0,ns
family,Piperaceae,P-gp_inhibition,1,0.6501182033096927,11,50,846,1.6040816326530611,2.2698412698412698,1.182591413278473,0.4904568587290238,1.0,ns
family,Ranunculaceae,CYP_inhibition,23,20.354609929078013,70,246,846,1.213529243392806,1.2252207700459201,0.293041728944924,0.4926595020197756,1.0,ns
family,Zingiberaceae,CYP_induction,4,5.860520094562648,37,134,846,0.6331002331002331,0.6994338651569737,-0.5157404448179534,0.49482630627603397,1.0,ns
family,Apiaceae,transporter_modulation,1,2.4468085106382977,46,45,846,0.38181818181818183,0.5604395604395604,-0.8353692982272006,0.5057139685406865,1.0,ns
family,Apiaceae,P-gp_inhibition,1,2.7186761229314422,46,50,846,0.34058956916099775,0.5004995004995005,-0.998559465640785,0.5133514256533075,1.0,ns
family,Zingiberaceae,synergistic_efficacy,4,2.7990543735224587,37,64,846,1.513131313131313,1.6641174293820156,0.734757241657805,0.517115432865821,1.0,ns
family,Apiaceae,CYP_induction,9,7.286052009456265,46,134,846,1.3135135135135134,1.363559096945551,0.4473772283226171,0.5315629999158944,1.0,ns
family,Zingiberaceae,additive_toxicity,1,0.7434988179669031,37,17,846,1.3767361111111112,1.9763387297633872,0.9828302353178674,0.5359203430786584,1.0,ns
family,Polygonaceae,additive_toxicity,1,0.7635933806146572,38,17,846,1.337837837837838,1.9212121212121211,0.9420168158935914,0.5456723259805902,1.0,ns
family,Rutaceae,organ_toxicity_modulation,1,0.8037825059101655,20,34,846,1.2647527910685805,1.8220436280137773,0.8655575042363174,0.5639221208548172,1.0,ns
family,Apiaceae,receptor_antagonism,1,0.8156028368794326,46,15,846,1.2476190476190476,1.7881773399014778,0.8384898208105744,0.5708016088364181,1.0,ns
family,Menispermaceae,P-gp_inhibition,1,0.8274231678486997,14,50,846,1.2291993720565149,1.7586980920314255,0.8145078429506584,0.5767169147133925,1.0,ns
family,Phyllanthaceae,synergistic_efficacy,1,0.8321513002364066,11,64,846,1.2253968253968255,1.7379077615298089,0.797351513961967,0.5813322964166712,1.0,ns
family,Polygonaceae,CYP_inhibition,9,11.049645390070921,38,246,846,0.7477084242688782,0.7749152542372881,-0.36788955092208775,0.5838411520948434,1.0,ns
family,Ginkgoaceae,signaling_pathway_modulation,1,0.8865248226950354,25,30,846,1.1379310344827587,1.644759598754756,0.7178767322708762,0.5998534322523073,1.0,ns
family,Ranunculaceae,CYP_induction,9,11.087470449172576,70,134,846,0.7683934426229508,0.8018980986622615,-0.318509177278292,0.6080043419444429,1.0,ns
family,Hypericaceae,receptor_antagonism,0,1.0460992907801419,59,15,846,0.0,0.4188126863648685,-1.2556229509030818,0.6165225393853184,1.0,ns
family,Schisandraceae,additive_toxicity,0,1.044917257683215,52,17,846,0.0,0.4231292517006803,-1.2408296695931242,0.6176242097424178,1.0,ns
family,Berberidaceae,transporter_modulation,0,0.9574468085106383,18,45,846,0.0,0.4653994653994654,-1.1034585413550657,0.6176935454487958,1.0,ns
family,Acanthaceae,transporter_modulation,0,0.9574468085106383,18,45,846,0.0,0.4653994653994654,-1.1034585413550657,0.6176935454487958,1.0,ns
family,Rutaceae,UGT_inhibition,0,0.9929078014184397,20,42,846,0.0,0.45021520803443327,-1.151313303787688,0.6181029032799288,1.0,ns
family,Berberidaceae,P-gp_inhibition,0,1.0638297872340425,18,50,846,0.0,0.41664436713941666,-1.2631116193017076,0.6185225770237974,1.0,ns
family,Acanthaceae,P-gp_inhibition,0,1.0638297872340425,18,50,846,0.0,0.41664436713941666,-1.2631116193017076,0.6185225770237974,1.0,ns
family,Theaceae,organ_toxicity_modulation,0,0.9645390070921985,24,34,846,0.0,0.46643005028098194,-1.100267356102867,0.6189149346444442,1.0,ns
family,Asteraceae,signaling_pathway_modulation,0,0.9574468085106383,27,30,846,0.0,0.4706408345752608,-1.087301595227309,0.6191766325694064,1.0,ns
family,Berberidaceae,absorption_alteration,0,1.1063829787234043,18,52,846,0.0,0.39974259974259974,-1.3228567689077713,0.6200389862508213,1.0,ns
family,Acanthaceae,absorption_alteration,0,1.1063829787234043,18,52,846,0.0,0.39974259974259974,-1.3228567689077713,0.6200389862508213,1.0,ns
family,Magnoliaceae,transporter_modulation,0,1.1170212765957446,21,45,846,0.0,0.39892665474060823,-1.3258045729228853,0.6214466410102498,1.0,ns
family,Fabaceae,organ_toxicity_modulation,6,5.0236406619385345,125,34,846,1.2478991596638656,1.3235704323570432,0.4044349683192046,0.6214504054540697,1.0,ns
family,Amaryllidaceae,receptor_synergism,0,1.2411347517730495,10,105,846,0.0,0.330173775671406,-1.5987025573474587,0.6216821797144125,1.0,ns
family,Hypericaceae,additive_toxicity,0,1.1855791962174942,59,17,846,0.0,0.36998799519807923,-1.4344496337381247,0.623976330518534,1.0,ns
family,Ranunculaceae,receptor_antagonism,0,1.2411347517730495,70,15,846,0.0,0.3484328528940746,-1.5210474362983764,0.6270216951590408,1.0,ns
family,Celastraceae,transporter_modulation,0,1.3297872340425532,25,45,846,0.0,0.3346261581555699,-1.5793778677828907,0.6382090522696557,1.0,ns
family,Polygonaceae,signaling_pathway_modulation,2,1.3475177304964538,38,30,846,1.5476190476190477,1.8757510213890891,0.9074683438205122,0.6403844364123641,1.0,ns
family,Theaceae,absorption_alteration,2,1.475177304964539,24,52,846,1.4036363636363636,1.6996699669966997,0.7652546385976299,0.654456217691411,1.0,ns
family,Amaryllidaceae,CYP_induction,2,1.5839243498817968,10,134,846,1.3333333333333333,1.5638179800221976,0.645072600496098,0.6635951710737826,1.0,ns
family,Asteraceae,CYP_inhibition,9,7.851063829787234,27,246,846,1.2278481012658229,1.2594594594594595,0.3328046841379681,0.6674909197169742,1.0,ns
family,Fabaceae,P-gp_inhibition,6,7.387706855791962,125,50,846,0.7757830404889229,0.8281227962954257,-0.2720833845648202,0.6842533567943117,1.0,ns
family,Lamiaceae,receptor_antagonism,2,1.7198581560283688,97,15,846,1.1919028340080973,1.428155904595695,0.5141534797239943,0.686540988051289,1.0,ns
family,Schisandraceae,signaling_pathway_modulation,2,1.8439716312056738,52,30,846,1.0942857142857143,1.3314226159458051,0.4129685796296035,0.7062473431037254,1.0,ns
family,Menispermaceae,CYP_induction,1,2.2174940898345152,14,134,846,0.4042799305957201,0.5821889305035373,-0.780440685965113,0.7095563374258456,1.0,ns
family,Hypericaceae,signaling_pathway_modulation,1,2.0921985815602837,59,30,846,0.450653983353151,0.6592785745328118,-0.6010398979770561,0.7156630160529471,1.0,ns
family,Polygonaceae,absorption_alteration,1,2.3356973995271866,38,52,846,0.40116587175410706,0.5883495145631068,-0.7652546385976298,0.7242679588322113,1.0,ns
family,Rutaceae,receptor_synergism,3,2.482269503546099,20,105,846,1.2525951557093427,1.4136585365853658,0.4994336851641209,0.7282278533075551,1.0,ns
family,Animal_derived,CYP_inhibition,2,2.9078014184397163,10,246,846,0.6065573770491803,0.7127390833634067,-0.4885540575295893,0.7321080779794931,1.0,ns
family,Araliaceae,organ_toxicity_modulation,3,2.5721040189125297,64,34,846,1.1914331041776838,1.3577235772357723,0.4411897871348123,0.7374937155836869,1.0,ns
family,Schisandraceae,UGT_inhibition,3,2.5815602836879434,52,42,846,1.185243328100471,1.3523846055491626,0.43550549896572077,0.7385714122538158,1.0,ns
family,Ranunculaceae,organ_toxicity_modulation,3,2.813238770685579,70,34,846,1.0760712566201251,1.2271604938271605,0.29532394379029914,0.7554677014677461,1.0,ns
family,Rutaceae,CYP_induction,2,3.1678486997635935,20,134,846,0.5841750841750841,0.7083120856705762,-0.4975429362107564,0.7557249382921809,1.0,ns
family,Apiaceae,absorption_alteration,3,2.8274231678487,46,52,846,1.0692928334124348,1.2215256008359456,0.2886841000456307,0.7570393748162935,1.0,ns
family,Theaceae,receptor_synergism,2,2.978723404255319,24,105,846,0.6345984112974404,0.772410091250671,-0.3725610822013397,0.7571440246439897,1.0,ns
family,Hypericaceae,transporter_modulation,2,3.1382978723404253,59,45,846,0.6070991432068543,0.744127936031984,-0.42637741332364126,0.7628242728476268,1.0,ns
family,Schisandraceae,absorption_alteration,2,3.1962174940898347,52,52,846,0.5952,0.7298304087834526,-0.4543668320341272,0.7639066484212511,1.0,ns
family,Lamiaceae,signaling_pathway_modulation,4,3.4397163120567376,97,30,846,1.196029776674938,1.313994551508425,0.3939592935232012,0.768167003097934,1.0,ns
family,Rutaceae,CYP_inhibition,5,5.815602836879433,20,246,846,0.8091286307053942,0.860281840646497,-0.217118710084136,0.8068250479818762,1.0,ns
family,Lamiaceae,UGT_inhibition,5,4.815602836879433,97,42,846,1.045828437132785,1.1297297297297297,0.17597767156457064,0.8075141266234306,1.0,ns
family,Magnoliaceae,CYP_inhibition,5,6.1063829787234045,21,246,846,0.7572614107883817,0.8067632850241546,-0.30978266502527296,0.8081347086735247,1.0,ns
family,Lamiaceae,absorption_alteration,5,5.962174940898345,97,52,846,0.8117483811285846,0.8793741109530583,-0.18545103510167432,0.823759378145484,1.0,ns
family,Fabaceae,CYP_inhibition,37,36.347517730496456,125,246,846,1.0300130491518051,1.0365680999959548,0.05181490110634013,0.9151448711279695,1.0,ns
family,Fabaceae,additive_toxicity,2,2.5118203309692673,125,17,846,0.7653116531165312,0.9226851247224762,-0.11608969675025108,1.0,1.0,ns
family,Fabaceae,P-gp_induction,0,0.7387706855791962,125,5,846,0.0,0.5190148496921405,-0.9461522783259236,1.0,1.0,ns
family,Fabaceae,antagonistic_efficacy,0,0.4432624113475177,125,3,846,0.0,0.8178713716562322,-0.2900541295510396,1.0,1.0,ns
family,Fabaceae,protein_binding_displacement,0,0.14775413711583923,125,1,846,0.0,1.9136786188579018,0.9363485655028194,1.0,1.0,ns
family,Lamiaceae,organ_toxicity_modulation,4,3.8983451536643026,97,34,846,1.0308243727598567,1.1353554834750592,0.18314408073208738,1.0,1.0,ns
family,Lamiaceae,additive_toxicity,2,1.9491725768321513,97,17,846,1.0301754385964912,1.2404999155548049,0.31092163702101827,1.0,1.0,ns
family,Lamiaceae,P-gp_induction,0,0.5732860520094563,97,5,846,0.0,0.6941724941724942,-0.5266338938048081,1.0,1.0,ns
family,Lamiaceae,UGT_induction,0,0.34397163120567376,97,3,846,0.0,1.0937728937728939,0.12931321432732662,1.0,1.0,ns
family,Lamiaceae,antagonistic_efficacy,0,0.34397163120567376,97,3,846,0.0,1.0937728937728939,0.12931321432732662,1.0,1.0,ns
family,Lamiaceae,protein_binding_displacement,0,0.11465721040189125,97,1,846,0.0,2.5589743589743588,1.3555656915876497,1.0,1.0,ns
family,Ranunculaceae,signaling_pathway_modulation,2,2.482269503546099,70,30,846,0.7857142857142857,0.9585094122166731,-0.061135496179489324,1.0,1.0,ns
family,Ranunculaceae,UGT_induction,0,0.24822695035460993,70,3,846,0.0,1.5673758865248226,0.6483512069926379,1.0,1.0,ns
family,Ranunculaceae,antagonistic_efficacy,0,0.24822695035460993,70,3,846,0.0,1.5673758865248226,0.6483512069926379,1.0,1.0,ns
family,Ranunculaceae,protein_binding_displacement,0,0.08274231678486997,70,1,846,0.0,3.6666666666666665,1.874469117916141,1.0,1.0,ns
family,Araliaceae,CYP_induction,10,10.1371158392435,64,134,846,0.9826762246117084,1.019011827125014,0.02717079619026751,1.0,1.0,ns
family,Araliaceae,P-gp_inhibition,3,3.7825059101654848,64,50,846,0.76909661667248,0.8812152332049636,-0.1824336603577535,1.0,1.0,ns
family,Araliaceae,signaling_pathway_modulation,2,2.269503546099291,64,30,846,0.868663594470046,1.0589473684210526,0.08263088658721691,1.0,1.0,ns
family,Araliaceae,additive_toxicity,1,1.2860520094562649,64,17,846,0.7599206349206349,1.0973514674302076,0.13402567624931444,1.0,1.0,ns
family,Araliaceae,P-gp_induction,0,0.37825059101654845,64,5,846,0.0,1.0958421423537703,0.1320399909574136,1.0,1.0,ns
family,Araliaceae,UGT_induction,0,0.22695035460992907,64,3,846,0.0,1.726467331118494,0.7878230352169265,1.0,1.0,ns
family,Araliaceae,antagonistic_efficacy,0,0.22695035460992907,64,3,846,0.0,1.726467331118494,0.7878230352169265,1.0,1.0,ns
family,Araliaceae,protein_binding_displacement,0,0.07565011820330969,64,1,846,0.0,4.038759689922481,2.013912306855254,1.0,1.0,ns
family,Hypericaceae,UGT_induction,0,0.20921985815602837,59,3,846,0.0,1.8835534213685474,0.9134569516025499,1.0,1.0,ns
family,Hypericaceae,antagonistic_efficacy,0,0.20921985815602837,59,3,846,0.0,1.8835534213685474,0.9134569516025499,1.0,1.0,ns
family,Hypericaceae,protein_binding_displacement,0,0.06973995271867613,59,1,846,0.0,4.406162464985995,2.139522691386587,1.0,1.0,ns
family,Schisandraceae,CYP_induction,8,8.236406619385344,52,134,846,0.963924963924964,1.009415108584625,0.013519585682984421,1.0,1.0,ns
family,Schisandraceae,receptor_antagonism,0,0.9219858156028369,52,15,846,0.0,0.4789554531490015,-1.0620366153552132,1.0,1.0,ns
family,Schisandraceae,P-gp_induction,0,0.3073286052009456,52,5,846,0.0,1.3670995670995671,0.4511183195568171,1.0,1.0,ns
family,Schisandraceae,UGT_induction,0,0.18439716312056736,52,3,846,0.0,2.1537414965986397,1.1068451004134545,1.0,1.0,ns
family,Schisandraceae,antagonistic_efficacy,0,0.18439716312056736,52,3,846,0.0,2.1537414965986397,1.1068451004134545,1.0,1.0,ns
family,Schisandraceae,protein_binding_displacement,0,0.061465721040189124,52,1,846,0.0,5.038095238095238,2.3328783944479032,1.0,1.0,ns
family,Apiaceae,receptor_synergism,5,5.709219858156028,46,105,846,0.8536585365853658,0.9237547203740335,-0.11441826345773794,1.0,1.0,ns
family,Apiaceae,P-gp_induction,0,0.2718676122931442,46,5,846,0.0,1.555229716520039,0.637127690585719,1.0,1.0,ns
family,Apiaceae,UGT_induction,0,0.16312056737588654,46,3,846,0.0,2.4500768049155144,1.2928269754865962,1.0,1.0,ns
family,Apiaceae,antagonistic_efficacy,0,0.16312056737588654,46,3,846,0.0,2.4500768049155144,1.2928269754865962,1.0,1.0,ns
family,Apiaceae,protein_binding_displacement,0,0.054373522458628844,46,1,846,0.0,5.731182795698925,2.5188329116511445,1.0,1.0,ns
family,Polygonaceae,transporter_modulation,2,2.021276595744681,38,45,846,0.9883720930232558,1.2053219965359785,0.26941860765840453,1.0,1.0,ns
family,Polygonaceae,receptor_antagonism,0,0.6737588652482269,38,15,846,0.0,0.6648512777545036,-0.5888964382465945,1.0,1.0,ns
family,Polygonaceae,UGT_induction,0,0.1347517730496454,38,3,846,0.0,2.9888682745825603,1.5795993159540633,1.0,1.0,ns
family,Polygonaceae,antagonistic_efficacy,0,0.1347517730496454,38,3,846,0.0,2.9888682745825603,1.5795993159540633,1.0,1.0,ns
family,Polygonaceae,protein_binding_displacement,0,0.04491725768321513,38,1,846,0.0,6.991341991341991,2.80556940816523,1.0,1.0,ns
family,Zingiberaceae,absorption_alteration,2,2.2742316784869976,37,52,846,0.8674285714285714,1.0591270394645098,0.08287564713296895,1.0,1.0,ns
family,Zingiberaceae,signaling_pathway_modulation,1,1.3120567375886525,37,30,846,0.7471264367816092,1.0872997446018111,0.12074971445720667,1.0,1.0,ns
family,Zingiberaceae,receptor_antagonism,0,0.6560283687943262,37,15,846,0.0,0.6834408602150538,-0.5491115915342369,1.0,1.0,ns
family,Zingiberaceae,P-gp_induction,0,0.2186761229314421,37,5,846,0.0,1.9503030303030302,0.963698301590268,1.0,1.0,ns
family,Zingiberaceae,UGT_induction,0,0.13120567375886524,37,3,846,0.0,3.072380952380952,1.6193571106021576,1.0,1.0,ns
family,Zingiberaceae,protein_binding_displacement,0,0.04373522458628842,37,1,846,0.0,7.1866666666666665,2.8453227722566248,1.0,1.0,ns
family,Asteraceae,receptor_synergism,3,3.351063829787234,27,105,846,0.8786764705882353,1.0,0.0,1.0,1.0,ns
family,Asteraceae,synergistic_efficacy,2,2.0425531914893615,27,64,846,0.9767741935483871,1.188235294117647,0.24882054661409297,1.0,1.0,ns
family,Asteraceae,organ_toxicity_modulation,1,1.0851063829787233,27,34,846,0.916083916083916,1.3289214305829344,0.4102558111158713,1.0,1.0,ns
family,Asteraceae,receptor_antagonism,0,0.4787234042553192,27,15,846,0.0,0.9436950146627566,-0.0836074131880885,1.0,1.0,ns
family,Asteraceae,P-gp_induction,0,0.1595744680851064,27,5,846,0.0,2.6925619834710743,1.4289795563635608,1.0,1.0,ns
family,Asteraceae,UGT_induction,0,0.09574468085106383,27,3,846,0.0,4.241558441558442,2.084594439979431,1.0,1.0,ns
family,Asteraceae,antagonistic_efficacy,0,0.09574468085106383,27,3,846,0.0,4.241558441558442,2.084594439979431,1.0,1.0,ns
family,Asteraceae,protein_binding_displacement,0,0.031914893617021274,27,1,846,0.0,9.921212121212122,3.3105163922283376,1.0,1.0,ns
family,Celastraceae,CYP_inhibition,7,7.2695035460992905,25,246,846,0.9470013947001394,0.9860068837104328,-0.020330376214968915,1.0,1.0,ns
family,Celastraceae,synergistic_efficacy,1,1.8912529550827424,25,64,846,0.5013227513227513,0.7313192993732927,-0.45142665991918435,1.0,1.0,ns
family,Celastraceae,absorption_alteration,1,1.5366430260047281,25,52,846,0.6290849673202614,0.9159896968496136,-0.12659672406248512,1.0,1.0,ns
family,Celastraceae,signaling_pathway_modulation,0,0.8865248226950354,25,30,846,0.0,0.5088396014143363,-0.9747171393972006,1.0,1.0,ns
family,Celastraceae,additive_toxicity,0,0.5023640661938534,25,17,846,0.0,0.9014005602240897,-0.14975974819301574,1.0,1.0,ns
family,Celastraceae,receptor_antagonism,0,0.4432624113475177,25,15,846,0.0,1.0202403542061986,0.028909070797271896,1.0,1.0,ns
family,Celastraceae,P-gp_induction,0,0.14775413711583923,25,5,846,0.0,2.910873440285205,1.541452114952902,1.0,1.0,ns
family,Celastraceae,UGT_induction,0,0.08865248226950355,25,3,846,0.0,4.5854341736694675,2.197058342445054,1.0,1.0,ns
family,Celastraceae,antagonistic_efficacy,0,0.08865248226950355,25,3,846,0.0,4.5854341736694675,2.197058342445054,1.0,1.0,ns
family,Celastraceae,protein_binding_displacement,0,0.02955082742316785,25,1,846,0.0,10.72549019607843,3.422971680821061,1.0,1.0,ns
family,Ginkgoaceae,absorption_alteration,1,1.5366430260047281,25,52,846,0.6290849673202614,0.9159896968496136,-0.12659672406248512,1.0,1.0,ns
family,Ginkgoaceae,UGT_inhibition,1,1.2411347517730495,25,42,846,0.7926829268292683,1.1514629948364887,0.20346804723693196,1.0,1.0,ns
family,Ginkgoaceae,receptor_antagonism,0,0.4432624113475177,25,15,846,0.0,1.0202403542061986,0.028909070797271896,1.0,1.0,ns
family,Ginkgoaceae,P-gp_induction,0,0.14775413711583923,25,5,846,0.0,2.910873440285205,1.541452114952902,1.0,1.0,ns
family,Ginkgoaceae,UGT_induction,0,0.08865248226950355,25,3,846,0.0,4.5854341736694675,2.197058342445054,1.0,1.0,ns
family,Ginkgoaceae,antagonistic_efficacy,0,0.08865248226950355,25,3,846,0.0,4.5854341736694675,2.197058342445054,1.0,1.0,ns
family,Theaceae,UGT_inhibition,1,1.1914893617021276,24,42,846,0.8282078472958643,1.2019994873109459,0.2654362806962584,1.0,1.0,ns
family,Theaceae,signaling_pathway_modulation,0,0.851063829787234,24,30,846,0.0,0.5302776848444296,-0.9151800566513248,1.0,1.0,ns
family,Theaceae,P-gp_induction,0,0.14184397163120568,24,5,846,0.0,3.033395176252319,1.6009334576329395,1.0,1.0,ns
family,Theaceae,UGT_induction,0,0.0851063829787234,24,3,846,0.0,4.778425655976676,2.2565353729266464,1.0,1.0,ns
family,Theaceae,antagonistic_efficacy,0,0.0851063829787234,24,3,846,0.0,4.778425655976676,2.2565353729266464,1.0,1.0,ns
family,Theaceae,protein_binding_displacement,0,0.028368794326241134,24,1,846,0.0,11.17687074829932,3.48244442011371,1.0,1.0,ns
family,Magnoliaceae,UGT_inhibition,1,1.0425531914893618,21,42,846,0.9560975609756097,1.383191301792536,0.4680007017242452,1.0,1.0,ns
family,Magnoliaceae,organ_toxicity_modulation,0,0.8439716312056738,21,34,846,0.0,0.5335355578024941,-0.9063436713430859,1.0,1.0,ns
family,Magnoliaceae,signaling_pathway_modulation,0,0.7446808510638298,21,30,846,0.0,0.6065573770491803,-0.7212839719339365,1.0,1.0,ns
family,Magnoliaceae,additive_toxicity,0,0.4219858156028369,21,17,846,0.0,1.0744186046511628,0.10355619182659725,1.0,1.0,ns
family,Magnoliaceae,receptor_antagonism,0,0.3723404255319149,21,15,846,0.0,1.216054013503376,0.2822073104285685,1.0,1.0,ns
family,Magnoliaceae,P-gp_induction,0,0.12411347517730496,21,5,846,0.0,3.4693446088794926,1.7946631501743175,1.0,1.0,ns
family,Magnoliaceae,UGT_induction,0,0.07446808510638298,21,3,846,0.0,5.465116279069767,2.450252191862902,1.0,1.0,ns
family,Magnoliaceae,antagonistic_efficacy,0,0.07446808510638298,21,3,846,0.0,5.465116279069767,2.450252191862902,1.0,1.0,ns
family,Magnoliaceae,protein_binding_displacement,0,0.024822695035460994,21,1,846,0.0,12.782945736434108,3.676148428014213,1.0,1.0,ns
family,Rutaceae,synergistic_efficacy,1,1.5130023640661938,20,64,846,0.6374269005847953,0.9248940036341611,-0.1126400581164066,1.0,1.0,ns
family,Rutaceae,absorption_alteration,1,1.2293144208037825,20,52,846,0.7997936016511867,1.1583271097834205,0.21204272571178026,1.0,1.0,ns
family,Rutaceae,P-gp_inhibition,1,1.1820330969267139,20,50,846,0.8345864661654135,1.2082362082362081,0.272902526797263,1.0,1.0,ns
family,Rutaceae,additive_toxicity,0,0.40189125295508277,20,17,846,0.0,1.1282229965156794,0.17405224873951566,1.0,1.0,ns
family,Rutaceae,P-gp_induction,0,0.1182033096926714,20,5,846,0.0,3.6430155210643016,1.8651331416946935,1.0,1.0,ns
family,Rutaceae,antagonistic_efficacy,0,0.07092198581560284,20,3,846,0.0,5.7386759581881535,2.520717913050667,1.0,1.0,ns
family,Rutaceae,protein_binding_displacement,0,0.02364066193853428,20,1,846,0.0,13.422764227642276,3.7466098995740182,1.0,1.0,ns
family,Berberidaceae,organ_toxicity_modulation,0,0.723404255319149,18,34,846,0.0,0.6224050137093615,-0.6840744130585997,1.0,1.0,ns
family,Berberidaceae,additive_toxicity,0,0.3617021276595745,18,17,846,0.0,1.2532818532818533,0.32571090197405517,1.0,1.0,ns
family,Berberidaceae,receptor_antagonism,0,0.3191489361702128,18,15,846,0.0,1.4184829991281604,0.5043488596567028,1.0,1.0,ns
family,Berberidaceae,P-gp_induction,0,0.10638297872340426,18,5,846,0.0,4.046683046683047,2.016739855460108,1.0,1.0,ns
family,Berberidaceae,UGT_induction,0,0.06382978723404255,18,3,846,0.0,6.374517374517374,2.6723161172267043,1.0,1.0,ns
family,Berberidaceae,antagonistic_efficacy,0,0.06382978723404255,18,3,846,0.0,6.374517374517374,2.6723161172267043,1.0,1.0,ns
family,Berberidaceae,protein_binding_displacement,0,0.02127659574468085,18,1,846,0.0,14.90990990990991,3.898199635344474,1.0,1.0,ns
family,Acanthaceae,receptor_synergism,2,2.234042553191489,18,105,846,0.8798543689320388,1.0620699751134535,0.08687882209632825,1.0,1.0,ns
family,Acanthaceae,organ_toxicity_modulation,0,0.723404255319149,18,34,846,0.0,0.6224050137093615,-0.6840744130585997,1.0,1.0,ns
family,Acanthaceae,signaling_pathway_modulation,0,0.6382978723404256,18,30,846,0.0,0.7075764288879043,-0.4990421057806035,1.0,1.0,ns
family,Acanthaceae,additive_toxicity,0,0.3617021276595745,18,17,846,0.0,1.2532818532818533,0.32571090197405517,1.0,1.0,ns
family,Acanthaceae,receptor_antagonism,0,0.3191489361702128,18,15,846,0.0,1.4184829991281604,0.5043488596567028,1.0,1.0,ns
family,Acanthaceae,P-gp_induction,0,0.10638297872340426,18,5,846,0.0,4.046683046683047,2.016739855460108,1.0,1.0,ns
family,Acanthaceae,UGT_induction,0,0.06382978723404255,18,3,846,0.0,6.374517374517374,2.6723161172267043,1.0,1.0,ns
family,Acanthaceae,antagonistic_efficacy,0,0.06382978723404255,18,3,846,0.0,6.374517374517374,2.6723161172267043,1.0,1.0,ns
family,Acanthaceae,protein_binding_displacement,0,0.02127659574468085,18,1,846,0.0,14.90990990990991,3.898199635344474,1.0,1.0,ns
family,Menispermaceae,absorption_alteration,0,0.8605200945626478,14,52,846,0.0,0.5126436781609195,-0.963971690815786,1.0,1.0,ns
family,Menispermaceae,transporter_modulation,0,0.7446808510638298,14,45,846,0.0,0.596816976127321,-0.7446395220516272,1.0,1.0,ns
family,Menispermaceae,UGT_inhibition,0,0.6950354609929078,14,42,846,0.0,0.6413793103448275,-0.6407502789069032,1.0,1.0,ns
family,Menispermaceae,organ_toxicity_modulation,0,0.5626477541371159,14,34,846,0.0,0.7981009495252374,-0.3253568544945086,1.0,1.0,ns
family,Menispermaceae,additive_toxicity,0,0.28132387706855794,14,17,846,0.0,1.606896551724138,0.6842770546393458,1.0,1.0,ns
family,Menispermaceae,P-gp_induction,0,0.08274231678486997,14,5,846,0.0,5.1880877742946705,2.3752028879297105,1.0,1.0,ns
family,Menispermaceae,UGT_induction,0,0.04964539007092199,14,3,846,0.0,8.172413793103448,3.030762253770687,1.0,1.0,ns
family,Menispermaceae,antagonistic_efficacy,0,0.04964539007092199,14,3,846,0.0,8.172413793103448,3.030762253770687,1.0,1.0,ns
family,Menispermaceae,protein_binding_displacement,0,0.016548463356973995,14,1,846,0.0,19.114942528735632,4.256628957438541,1.0,1.0,ns
family,Paeoniaceae,CYP_induction,2,2.2174940898345152,14,134,846,0.8838383838383839,1.0573584905660378,0.08046459609289433,1.0,1.0,ns
family,Paeoniaceae,receptor_synergism,1,1.7375886524822695,14,105,846,0.5384615384615384,0.7745879851143009,-0.3684989714586825,1.0,1.0,ns
family,Paeoniaceae,synergistic_efficacy,1,1.0591016548463357,14,64,846,0.938949938949939,1.3464566929133859,0.42916782811373205,1.0,1.0,ns
family,Paeoniaceae,UGT_inhibition,0,0.6950354609929078,14,42,846,0.0,0.6413793103448275,-0.6407502789069032,1.0,1.0,ns
family,Paeoniaceae,organ_toxicity_modulation,0,0.5626477541371159,14,34,846,0.0,0.7981009495252374,-0.3253568544945086,1.0,1.0,ns
family,Paeoniaceae,additive_toxicity,0,0.28132387706855794,14,17,846,0.0,1.606896551724138,0.6842770546393458,1.0,1.0,ns
family,Paeoniaceae,P-gp_induction,0,0.08274231678486997,14,5,846,0.0,5.1880877742946705,2.3752028879297105,1.0,1.0,ns
family,Paeoniaceae,UGT_induction,0,0.04964539007092199,14,3,846,0.0,8.172413793103448,3.030762253770687,1.0,1.0,ns
family,Paeoniaceae,antagonistic_efficacy,0,0.04964539007092199,14,3,846,0.0,8.172413793103448,3.030762253770687,1.0,1.0,ns
family,Paeoniaceae,protein_binding_displacement,0,0.016548463356973995,14,1,846,0.0,19.114942528735632,4.256628957438541,1.0,1.0,ns
family,Phyllanthaceae,CYP_induction,1,1.7423167848699763,11,134,846,0.5278195488721804,0.7517388978063135,-0.4116964386368696,1.0,1.0,ns
family,Phyllanthaceae,receptor_synergism,1,1.3652482269503545,11,105,846,0.7028846153846153,1.0,0.0,1.0,1.0,ns
family,Phyllanthaceae,absorption_alteration,0,0.6761229314420804,11,52,846,0.0,0.6488612836438924,-0.6240180092505551,1.0,1.0,ns
family,Phyllanthaceae,P-gp_inhibition,0,0.6501182033096927,11,50,846,0.0,0.6762806715454154,-0.5643059735146113,1.0,1.0,ns
family,Phyllanthaceae,transporter_modulation,0,0.5851063829787234,11,45,846,0.0,0.7553750597228858,-0.40473494389733844,1.0,1.0,ns
family,Phyllanthaceae,UGT_inhibition,0,0.5460992907801419,11,42,846,0.0,0.8117647058823529,-0.3008664793595327,1.0,1.0,ns
family,Phyllanthaceae,organ_toxicity_modulation,0,0.44208037825059104,11,34,846,0.0,1.010081915563957,0.014472297319366046,1.0,1.0,ns
family,Phyllanthaceae,signaling_pathway_modulation,0,0.3900709219858156,11,30,846,0.0,1.1482537419814682,0.1994414850866696,1.0,1.0,ns
family,Phyllanthaceae,additive_toxicity,0,0.22104018912529552,11,17,846,0.0,2.0335403726708075,1.0239936334721742,1.0,1.0,ns
family,Phyllanthaceae,receptor_antagonism,0,0.1950354609929078,11,15,846,0.0,2.3015427769985974,1.2026012570698246,1.0,1.0,ns
family,Phyllanthaceae,P-gp_induction,0,0.06501182033096926,11,5,846,0.0,6.565217391304348,2.714842783268066,1.0,1.0,ns
family,Phyllanthaceae,UGT_induction,0,0.03900709219858156,11,3,846,0.0,10.341614906832298,3.3703895838440077,1.0,1.0,ns
family,Phyllanthaceae,antagonistic_efficacy,0,0.03900709219858156,11,3,846,0.0,10.341614906832298,3.3703895838440077,1.0,1.0,ns
family,Phyllanthaceae,protein_binding_displacement,0,0.013002364066193853,11,1,846,0.0,24.18840579710145,4.59624378258443,1.0,1.0,ns
family,Piperaceae,CYP_induction,1,1.7423167848699763,11,134,846,0.5278195488721804,0.7517388978063135,-0.4116964386368696,1.0,1.0,ns
family,Piperaceae,synergistic_efficacy,0,0.8321513002364066,11,64,846,0.0,0.5200539265251095,-0.9432668649095322,1.0,1.0,ns
family,Piperaceae,absorption_alteration,0,0.6761229314420804,11,52,846,0.0,0.6488612836438924,-0.6240180092505551,1.0,1.0,ns
family,Piperaceae,transporter_modulation,0,0.5851063829787234,11,45,846,0.0,0.7553750597228858,-0.40473494389733844,1.0,1.0,ns
family,Piperaceae,UGT_inhibition,0,0.5460992907801419,11,42,846,0.0,0.8117647058823529,-0.3008664793595327,1.0,1.0,ns
family,Piperaceae,organ_toxicity_modulation,0,0.44208037825059104,11,34,846,0.0,1.010081915563957,0.014472297319366046,1.0,1.0,ns
family,Piperaceae,signaling_pathway_modulation,0,0.3900709219858156,11,30,846,0.0,1.1482537419814682,0.1994414850866696,1.0,1.0,ns
family,Piperaceae,additive_toxicity,0,0.22104018912529552,11,17,846,0.0,2.0335403726708075,1.0239936334721742,1.0,1.0,ns
family,Piperaceae,receptor_antagonism,0,0.1950354609929078,11,15,846,0.0,2.3015427769985974,1.2026012570698246,1.0,1.0,ns
family,Piperaceae,P-gp_induction,0,0.06501182033096926,11,5,846,0.0,6.565217391304348,2.714842783268066,1.0,1.0,ns
family,Piperaceae,UGT_induction,0,0.03900709219858156,11,3,846,0.0,10.341614906832298,3.3703895838440077,1.0,1.0,ns
family,Piperaceae,antagonistic_efficacy,0,0.03900709219858156,11,3,846,0.0,10.341614906832298,3.3703895838440077,1.0,1.0,ns
family,Piperaceae,protein_binding_displacement,0,0.013002364066193853,11,1,846,0.0,24.18840579710145,4.59624378258443,1.0,1.0,ns
family,Amaryllidaceae,P-gp_inhibition,0,0.5910165484633569,10,50,846,0.0,0.7416313059877416,-0.43122595011486836,1.0,1.0,ns
family,Amaryllidaceae,UGT_inhibition,0,0.49645390070921985,10,42,846,0.0,0.8901960784313725,-0.16780494956794303,1.0,1.0,ns
family,Amaryllidaceae,organ_toxicity_modulation,0,0.40189125295508277,10,34,846,0.0,1.1076604554865424,0.14751570245273601,1.0,1.0,ns
family,Amaryllidaceae,receptor_antagonism,0,0.1773049645390071,10,15,846,0.0,2.5238095238095237,1.3356030317844387,1.0,1.0,ns
family,Amaryllidaceae,UGT_induction,0,0.03546099290780142,10,3,846,0.0,11.34013605442177,3.5033660441500527,1.0,1.0,ns
family,Amaryllidaceae,antagonistic_efficacy,0,0.03546099290780142,10,3,846,0.0,11.34013605442177,3.5033660441500527,1.0,1.0,ns
family,Amaryllidaceae,protein_binding_displacement,0,0.01182033096926714,10,1,846,0.0,26.523809523809526,4.729216094561272,1.0,1.0,ns
family,Apocynaceae,absorption_alteration,0,0.6146572104018913,10,52,846,0.0,0.7115646258503401,-0.4909333034767855,1.0,1.0,ns
family,Apocynaceae,P-gp_inhibition,0,0.5910165484633569,10,50,846,0.0,0.7416313059877416,-0.43122595011486836,1.0,1.0,ns
family,Apocynaceae,UGT_inhibition,0,0.49645390070921985,10,42,846,0.0,0.8901960784313725,-0.16780494956794303,1.0,1.0,ns
family,Apocynaceae,organ_toxicity_modulation,0,0.40189125295508277,10,34,846,0.0,1.1076604554865424,0.14751570245273601,1.0,1.0,ns
family,Apocynaceae,additive_toxicity,0,0.20094562647754138,10,17,846,0.0,2.2299319727891156,1.156999699375732,1.0,1.0,ns
family,Apocynaceae,receptor_antagonism,0,0.1773049645390071,10,15,846,0.0,2.5238095238095237,1.3356030317844387,1.0,1.0,ns
family,Apocynaceae,P-gp_induction,0,0.0591016548463357,10,5,846,0.0,7.199134199134199,2.8478234118712114,1.0,1.0,ns
family,Apocynaceae,UGT_induction,0,0.03546099290780142,10,3,846,0.0,11.34013605442177,3.5033660441500527,1.0,1.0,ns
family,Apocynaceae,antagonistic_efficacy,0,0.03546099290780142,10,3,846,0.0,11.34013605442177,3.5033660441500527,1.0,1.0,ns
family,Apocynaceae,protein_binding_displacement,0,0.01182033096926714,10,1,846,0.0,26.523809523809526,4.729216094561272,1.0,1.0,ns
family,Animal_derived,synergistic_efficacy,0,0.7565011820330969,10,64,846,0.0,0.5703211517165006,-0.8101535554102774,1.0,1.0,ns
family,Animal_derived,absorption_alteration,0,0.6146572104018913,10,52,846,0.0,0.7115646258503401,-0.4909333034767855,1.0,1.0,ns
family,Animal_derived,transporter_modulation,0,0.5319148936170213,10,45,846,0.0,0.8283621140763998,-0.27166652284027537,1.0,1.0,ns
family,Animal_derived,UGT_inhibition,0,0.49645390070921985,10,42,846,0.0,0.8901960784313725,-0.16780494956794303,1.0,1.0,ns
family,Animal_derived,organ_toxicity_modulation,0,0.40189125295508277,10,34,846,0.0,1.1076604554865424,0.14751570245273601,1.0,1.0,ns
family,Animal_derived,signaling_pathway_modulation,0,0.3546099290780142,10,30,846,0.0,1.2591725214676035,0.33247596281399616,1.0,1.0,ns
family,Animal_derived,additive_toxicity,0,0.20094562647754138,10,17,846,0.0,2.2299319727891156,1.156999699375732,1.0,1.0,ns
family,Animal_derived,P-gp_induction,0,0.0591016548463357,10,5,846,0.0,7.199134199134199,2.8478234118712114,1.0,1.0,ns
family,Animal_derived,UGT_induction,0,0.03546099290780142,10,3,846,0.0,11.34013605442177,3.5033660441500527,1.0,1.0,ns
family,Animal_derived,antagonistic_efficacy,0,0.03546099290780142,10,3,846,0.0,11.34013605442177,3.5033660441500527,1.0,1.0,ns
family,Animal_derived,protein_binding_displacement,0,0.01182033096926714,10,1,846,0.0,26.523809523809526,4.729216094561272,1.0,1.0,ns
